DATE,PRCP,SNWD,SNOW,TMAX,TMIN,AWND
20090101,0,0,0,-33,-94,50
20090102,0,0,0,11,-50,28
20090103,0,0,0,33,-17,45
20090104,0,0,0,56,-39,34
20090105,0,0,0,61,33,31
20090106,20,0,0,33,-6,30
20090107,302,0,0,33,-6,47
20090108,0,0,0,33,-17,51
20090109,0,0,0,0,-33,43
20090110,36,0,25,-11,-50,30
20090111,48,25,0,-6,-44,31
20090112,0,25,0,6,-61,28
20090113,0,0,0,50,-22,24
20090114,0,0,0,22,-89,38
20090115,13,25,25,-56,-94,34
20090116,0,0,0,-89,-128,41
20090117,0,0,0,-56,-144,25
20090118,46,0,56,17,-56,24
20090119,46,76,46,6,-33,10
20090120,0,102,0,-17,-72,27
20090121,0,76,0,-33,-83,37
20090122,0,76,0,28,-67,30
20090123,0,51,0,83,-6,22
20090124,0,0,0,78,-83,51
20090125,0,0,0,-28,-106,28
20090126,0,0,0,-17,-72,22
20090127,0,0,0,-17,-39,19
20090128,246,76,76,50,-44,43
20090129,0,25,0,22,-33,38
20090130,0,25,0,17,-33,30
20090131,0,25,0,-28,-67,38
20090201,0,25,0,111,-33,34
20090202,0,0,0,117,11,23
20090203,89,0,109,11,-39,36
20090204,0,76,0,-11,-83,34
20090205,0,76,0,-50,-111,43
20090206,0,51,0,0,-94,24
20090207,0,25,0,100,-22,17
20090208,0,0,0,144,33,43
20090209,0,0,0,72,6,26
20090210,0,0,0,100,17,17
20090211,8,0,0,183,72,20
20090212,30,0,0,139,67,60
20090213,0,0,0,67,-6,54
20090214,0,0,0,50,-22,28
20090215,0,0,0,56,-22,32
20090216,0,0,0,44,-22,24
20090217,0,0,0,44,-44,22
20090218,81,0,0,67,0,25
20090219,0,0,0,100,-28,41
20090220,0,0,0,6,-50,61
20090221,0,0,0,56,-33,34
20090222,18,0,0,67,-6,40
20090223,0,0,0,11,-44,60
20090224,0,0,0,28,-56,43
20090225,0,0,0,56,-44,19
20090226,0,0,0,100,17,21
20090227,10,0,0,161,61,36
20090228,0,0,0,122,-6,42
20090301,38,0,46,22,-22,44
20090302,124,178,165,-22,-89,49
20090303,0,203,0,-33,-111,52
20090304,0,203,0,11,-78,26
20090305,0,51,0,61,-22,18
20090306,3,0,0,128,33,36
20090307,0,0,0,211,106,20
20090308,0,0,0,178,94,32
20090309,25,0,0,94,33,35
20090310,3,0,0,83,28,23
20090311,0,0,0,144,50,33
20090312,0,0,0,67,0,41
20090313,0,0,0,44,-28,28
20090314,0,0,0,106,0,22
20090315,0,0,0,106,56,10
20090316,0,0,0,83,44,28
20090317,0,0,0,128,22,26
20090318,0,0,0,178,50,36
20090319,33,0,0,117,56,20
20090320,10,0,0,78,6,34
20090321,0,0,0,94,-6,30
20090322,0,0,0,122,17,38
20090323,0,0,0,67,-17,39
20090324,0,0,0,100,-28,36
20090325,0,0,0,111,17,25
20090326,102,0,0,72,56,21
20090327,0,0,0,172,67,21
20090328,13,0,0,144,67,35
20090329,94,0,0,111,56,34
20090330,0,0,0,117,50,54
20090331,0,0,0,156,33,32
20090401,91,0,0,94,61,30
20090402,3,0,0,178,67,25
20090403,231,0,0,161,89,37
20090404,0,0,0,122,83,66
20090405,0,0,0,183,72,34
20090406,142,0,0,128,72,28
20090407,0,0,0,94,39,43
20090408,0,0,0,89,17,28
20090409,0,0,0,172,50,22
20090410,0,0,0,150,72,22
20090411,142,0,0,100,50,38
20090412,0,0,0,94,22,44
20090413,0,0,0,139,11,29
20090414,43,0,0,111,56,40
20090415,51,0,0,139,56,42
20090416,0,0,0,178,67,30
20090417,0,0,0,217,56,16
20090418,0,0,0,261,122,21
20090419,0,0,0,172,83,36
20090420,455,0,0,100,56,53
20090421,23,0,0,150,89,30
20090422,10,0,0,133,83,24
20090423,0,0,0,139,61,38
20090424,0,0,0,222,83,18
20090425,0,0,0,311,111,20
20090426,0,0,0,333,194,18
20090427,0,0,0,289,144,27
20090428,0,0,0,322,206,40
20090429,0,0,0,206,94,33
20090430,0,0,0,161,89,19
20090501,107,0,0,217,117,31
20090502,28,0,0,200,122,22
20090503,104,0,0,156,111,14
20090504,89,0,0,139,106,20
20090505,79,0,0,122,106,41
20090506,292,0,0,183,94,22
20090507,269,0,0,211,106,15
20090508,0,0,0,233,133,13
20090509,157,0,0,244,144,21
20090510,0,0,0,211,122,45
20090511,0,0,0,189,100,21
20090512,0,0,0,206,100,15
20090513,0,0,0,194,94,24
20090514,13,0,0,194,133,34
20090515,0,0,0,244,156,13
20090516,41,0,0,217,144,22
20090517,10,0,0,189,111,29
20090518,0,0,0,144,94,23
20090519,0,0,0,206,61,19
20090520,0,0,0,278,111,22
20090521,0,0,0,300,156,30
20090522,0,0,0,289,167,28
20090523,0,0,0,228,156,-9999
20090524,0,0,0,283,156,-9999
20090525,0,0,0,272,172,-9999
20090526,0,0,0,189,117,-9999
20090527,0,0,0,183,117,10
20090528,15,0,0,161,133,1
20090529,109,0,0,233,128,7
20090530,0,0,0,250,156,-9999
20090531,0,0,0,272,139,-9999
20090601,0,0,0,217,100,23
20090602,15,0,0,267,161,18
20090603,127,0,0,222,122,16
20090604,137,0,0,200,128,11
20090605,239,0,0,156,128,32
20090606,0,0,0,244,139,16
20090607,0,0,0,278,172,19
20090608,5,0,0,239,167,26
20090609,465,0,0,217,156,23
20090610,0,0,0,194,150,27
20090611,41,0,0,178,150,29
20090612,155,0,0,267,167,13
20090613,33,0,0,228,161,19
20090614,5,0,0,228,144,21
20090615,127,0,0,222,139,14
20090616,0,0,0,211,133,26
20090617,0,0,0,200,128,22
20090618,584,0,0,178,156,28
20090619,0,0,0,250,172,14
20090620,71,0,0,217,172,16
20090621,114,0,0,256,172,28
20090622,0,0,0,239,183,33
20090623,0,0,0,267,189,23
20090624,76,0,0,244,183,12
20090625,0,0,0,267,178,13
20090626,185,0,0,283,178,-9999
20090627,5,0,0,272,172,-9999
20090628,0,0,0,278,178,-9999
20090629,0,0,0,272,183,24
20090630,168,0,0,289,183,16
20090701,0,0,0,272,189,23
20090702,152,0,0,244,189,19
20090703,0,0,0,256,183,22
20090704,0,0,0,261,189,32
20090705,0,0,0,261,161,20
20090706,0,0,0,283,172,17
20090707,33,0,0,261,161,23
20090708,0,0,0,250,144,22
20090709,0,0,0,228,161,35
20090710,0,0,0,256,156,20
20090711,84,0,0,256,172,25
20090712,5,0,0,272,178,22
20090713,0,0,0,261,161,14
20090714,0,0,0,261,161,22
20090715,0,0,0,278,172,16
20090716,0,0,0,289,211,22
20090717,53,0,0,300,200,19
20090718,5,0,0,283,200,29
20090719,0,0,0,272,178,21
20090720,0,0,0,272,194,20
20090721,290,0,0,217,178,28
20090722,0,0,0,278,178,13
20090723,99,0,0,250,178,34
20090724,5,0,0,256,172,21
20090725,0,0,0,283,189,22
20090726,361,0,0,289,194,21
20090727,152,0,0,283,200,17
20090728,0,0,0,294,217,13
20090729,386,0,0,283,211,22
20090730,0,0,0,294,222,24
20090731,180,0,0,294,194,21
20090801,0,0,0,283,183,19
20090802,267,0,0,233,194,24
20090803,0,0,0,289,211,10
20090804,0,0,0,283,200,19
20090805,0,0,0,294,228,18
20090806,0,0,0,250,189,13
20090807,0,0,0,261,178,22
20090808,0,0,0,256,172,21
20090809,3,0,0,261,211,15
20090810,132,0,0,328,200,27
20090811,0,0,0,306,244,21
20090812,0,0,0,261,217,29
20090813,5,0,0,222,200,26
20090814,0,0,0,300,194,12
20090815,0,0,0,311,211,14
20090816,0,0,0,328,228,15
20090817,0,0,0,333,239,17
20090818,163,0,0,322,200,22
20090819,0,0,0,322,217,18
20090820,0,0,0,317,239,14
20090821,33,0,0,317,222,22
20090822,188,0,0,272,211,13
20090823,5,0,0,289,228,8
20090824,0,0,0,278,206,14
20090825,0,0,0,283,206,15
20090826,8,0,0,294,211,25
20090827,0,0,0,256,194,16
20090828,130,0,0,222,178,26
20090829,140,0,0,222,194,24
20090830,0,0,0,272,189,24
20090831,0,0,0,222,167,22
20090901,0,0,0,233,139,17
20090902,0,0,0,250,139,10
20090903,0,0,0,256,161,16
20090904,0,0,0,283,167,18
20090905,0,0,0,289,206,16
20090906,0,0,0,239,172,40
20090907,0,0,0,233,156,18
20090908,0,0,0,233,167,8
20090909,0,0,0,244,172,37
20090910,0,0,0,200,156,56
20090911,213,0,0,189,133,61
20090912,8,0,0,194,172,23
20090913,0,0,0,261,178,19
20090914,0,0,0,244,161,22
20090915,0,0,0,256,172,18
20090916,0,0,0,211,172,46
20090917,3,0,0,172,128,26
20090918,0,0,0,233,133,26
20090919,0,0,0,211,117,17
20090920,0,0,0,228,122,16
20090921,0,0,0,239,139,18
20090922,0,0,0,228,178,13
20090923,0,0,0,267,206,25
20090924,8,0,0,278,189,21
20090925,0,0,0,206,133,33
20090926,36,0,0,194,122,29
20090927,262,0,0,200,150,21
20090928,46,0,0,222,144,29
20090929,0,0,0,189,122,32
20090930,0,0,0,156,94,35
20091001,0,0,0,128,83,22
20091002,15,0,0,178,83,21
20091003,74,0,0,211,172,13
20091004,0,0,0,233,139,19
20091005,0,0,0,194,117,32
20091006,0,0,0,189,100,20
20091007,41,0,0,206,139,49
20091008,0,0,0,172,111,26
20091009,8,0,0,206,150,18
20091010,0,0,0,189,100,22
20091011,0,0,0,178,78,25
20091012,0,0,0,117,61,12
20091013,0,0,0,178,78,27
20091014,0,0,0,117,50,13
20091015,150,0,0,83,28,51
20091016,13,0,0,78,28,41
20091017,8,0,0,89,56,42
20091018,74,0,0,72,50,40
20091019,0,0,0,128,28,17
20091020,0,0,0,183,72,17
20091021,0,0,0,200,111,5
20091022,0,0,0,233,122,28
20091023,48,0,0,178,94,40
20091024,460,0,0,183,117,30
20091025,0,0,0,167,106,27
20091026,0,0,0,156,78,20
20091027,157,0,0,128,100,31
20091028,328,0,0,139,106,39
20091029,0,0,0,139,94,24
20091030,0,0,0,150,111,25
20091031,43,0,0,217,128,31
20091101,3,0,0,144,94,26
20091102,0,0,0,128,78,37
20091103,0,0,0,156,61,21
20091104,0,0,0,111,50,22
20091105,0,0,0,117,56,20
20091106,0,0,0,100,28,32
20091107,0,0,0,117,17,22
20091108,0,0,0,206,83,11
20091109,0,0,0,194,94,18
20091110,0,0,0,183,133,21
20091111,0,0,0,139,89,49
20091112,18,0,0,100,72,64
20091113,10,0,0,128,89,70
20091114,124,0,0,139,111,30
20091115,5,0,0,189,122,15
20091116,0,0,0,150,94,23
20091117,0,0,0,128,78,33
20091118,0,0,0,117,56,33
20091119,46,0,0,150,83,28
20091120,127,0,0,161,89,31
20091121,0,0,0,139,78,21
20091122,0,0,0,128,72,31
20091123,0,0,0,100,67,50
20091124,0,0,0,144,89,33
20091125,8,0,0,106,94,24
20091126,0,0,0,139,100,21
20091127,0,0,0,100,61,43
20091128,0,0,0,100,56,51
20091129,0,0,0,150,39,23
20091130,69,0,0,139,44,31
20091201,0,0,0,83,17,32
20091202,114,0,0,133,50,22
20091203,185,0,0,189,94,44
20091204,0,0,0,111,67,24
20091205,163,0,0,72,6,33
20091206,0,0,0,33,6,32
20091207,0,0,0,39,0,20
20091208,0,0,0,67,11,33
20091209,376,0,0,117,6,37
20091210,0,0,0,78,-28,55
20091211,0,0,0,-17,-61,57
20091212,0,0,0,28,-39,34
20091213,241,0,0,111,11,27
20091214,0,0,0,78,44,24
20091215,0,0,0,111,56,31
20091216,0,0,0,56,-22,49
20091217,0,0,0,-6,-67,51
20091218,0,0,0,-11,-89,24
20091219,155,0,231,-11,-61,48
20091220,33,254,46,11,-61,44
20091221,0,178,0,22,-22,48
20091222,0,178,0,22,-50,41
20091223,0,127,0,-11,-67,43
20091224,0,102,0,39,-44,25
20091225,61,51,0,33,6,42
20091226,376,0,0,122,28,55
20091227,84,0,0,128,44,34
20091228,0,0,0,61,-11,40
20091229,0,0,0,-6,-89,64
20091230,0,0,0,0,-72,26
20091231,58,0,38,17,-17,16
20100101,8,0,0,44,6,15
20100102,5,0,5,11,-83,56
20100103,0,0,0,-56,-83,64
20100104,0,0,0,-11,-72,48
20100105,0,0,0,-11,-67,44
20100106,0,0,0,11,-33,43
20100107,0,0,0,28,-11,39
20100108,13,0,15,6,-50,34
20100109,0,0,0,-11,-78,39
20100110,0,0,0,-22,-100,31
20100111,0,0,0,-6,-61,32
20100112,0,0,0,17,-44,42
20100113,0,0,0,17,-44,36
20100114,0,0,0,56,-11,15
20100115,0,0,0,100,17,35
20100116,0,0,0,94,33,29
20100117,145,0,0,78,17,17
20100118,13,0,0,100,28,-9999
20100119,0,0,0,89,44,-9999
20100120,0,0,0,50,11,28
20100121,0,0,0,50,-6,14
20100122,0,0,0,67,0,29
20100123,0,0,0,44,-22,14
20100124,5,0,0,100,0,11
20100125,318,0,0,139,94,-9999
20100126,0,0,0,94,17,39
20100127,0,0,0,39,-6,31
20100128,23,0,33,56,-67,38
20100129,0,0,0,-50,-89,52
20100130,0,0,0,-67,-106,40
20100131,0,0,0,-11,-100,28
20100201,0,0,0,17,-39,36
20100202,8,0,20,6,-28,19
20100203,15,25,5,39,-17,23
20100204,0,0,0,28,-22,40
20100205,0,0,0,22,-17,21
20100206,0,0,0,6,-67,61
20100207,0,0,0,11,-83,45
20100208,0,0,0,28,-50,44
20100209,0,0,0,56,-22,23
20100210,338,51,254,11,-11,55
20100211,0,254,0,28,-22,53
20100212,0,203,0,28,-33,37
20100213,0,203,0,0,-44,39
20100214,0,203,0,39,-22,41
20100215,3,178,0,44,-28,31
20100216,109,152,127,6,-17,25
20100217,0,254,0,17,-33,36
20100218,0,203,0,44,0,45
20100219,0,152,0,61,17,51
20100220,0,102,0,67,17,36
20100221,0,76,0,78,6,43
20100222,8,0,0,72,-17,27
20100223,305,0,0,33,17,63
20100224,107,0,0,56,22,35
20100225,508,0,239,33,-28,15
20100226,297,356,292,6,-33,31
20100227,3,533,0,33,-17,20
20100228,0,381,0,44,6,17
20100301,0,279,0,89,22,44
20100302,3,178,0,83,22,24
20100303,18,102,0,50,11,47
20100304,0,0,0,83,17,35
20100305,0,0,0,94,11,34
20100306,0,0,0,122,0,32
20100307,0,0,0,139,28,32
20100308,0,0,0,161,50,32
20100309,0,0,0,161,67,20
20100310,0,0,0,139,67,22
20100311,0,0,0,117,56,40
20100312,53,0,0,61,39,62
20100313,980,0,0,78,33,102
20100314,61,0,0,100,61,61
20100315,84,0,0,78,50,52
20100316,0,0,0,172,50,34
20100317,0,0,0,189,61,11
20100318,0,0,0,206,100,15
20100319,0,0,0,222,94,15
20100320,0,0,0,233,122,22
20100321,0,0,0,178,106,29
20100322,340,0,0,139,100,25
20100323,28,0,0,117,72,27
20100324,0,0,0,156,61,52
20100325,0,0,0,167,89,19
20100326,36,0,0,111,11,47
20100327,0,0,0,67,-17,34
20100328,86,0,0,94,22,36
20100329,401,0,0,117,89,29
20100330,622,0,0,100,50,48
20100331,3,0,0,139,72,26
20100401,0,0,0,211,89,21
20100402,0,0,0,200,89,20
20100403,0,0,0,194,83,22
20100404,0,0,0,244,83,12
20100405,0,0,0,239,133,29
20100406,0,0,0,256,144,18
20100407,0,0,0,333,133,31
20100408,0,0,0,267,178,28
20100409,76,0,0,200,67,34
20100410,0,0,0,167,56,44
20100411,0,0,0,244,111,30
20100412,0,0,0,194,111,24
20100413,0,0,0,133,83,22
20100414,0,0,0,194,72,23
20100415,0,0,0,228,100,30
20100416,79,0,0,139,78,33
20100417,3,0,0,122,78,30
20100418,0,0,0,139,56,32
20100419,0,0,0,172,78,31
20100420,0,0,0,211,83,22
20100421,8,0,0,206,117,30
20100422,0,0,0,222,106,26
20100423,0,0,0,200,67,29
20100424,0,0,0,200,78,25
20100425,406,0,0,111,78,31
20100426,175,0,0,117,89,36
20100427,13,0,0,144,50,33
20100428,0,0,0,133,44,43
20100429,0,0,0,206,72,40
20100430,0,0,0,256,133,23
20100501,0,0,0,294,178,18
20100502,0,0,0,311,189,23
20100503,328,0,0,267,194,22
20100504,0,0,0,272,167,23
20100505,0,0,0,267,144,23
20100506,0,0,0,256,150,33
20100507,0,0,0,228,111,22
20100508,10,0,0,244,94,45
20100509,0,0,0,111,67,51
20100510,0,0,0,161,50,36
20100511,8,0,0,133,61,15
20100512,109,0,0,89,67,31
20100513,0,0,0,194,61,22
20100514,10,0,0,267,128,29
20100515,0,0,0,228,156,33
20100516,0,0,0,222,122,19
20100517,0,0,0,233,128,13
20100518,277,0,0,167,100,40
20100519,0,0,0,178,100,17
20100520,0,0,0,261,128,13
20100521,0,0,0,294,161,22
20100522,0,0,0,233,139,28
20100523,0,0,0,217,144,36
20100524,8,0,0,228,156,23
20100525,0,0,0,278,161,15
20100526,0,0,0,333,183,20
20100527,15,0,0,283,128,26
20100528,0,0,0,211,133,13
20100529,0,0,0,250,161,25
20100530,0,0,0,289,194,26
20100531,0,0,0,300,206,17
20100601,0,0,0,294,189,20
20100602,0,0,0,306,194,15
20100603,0,0,0,306,194,21
20100604,0,0,0,311,222,17
20100605,0,0,0,311,244,33
20100606,5,0,0,317,161,38
20100607,0,0,0,239,139,31
20100608,0,0,0,239,144,23
20100609,226,0,0,200,139,19
20100610,64,0,0,233,144,16
20100611,0,0,0,217,144,19
20100612,0,0,0,261,161,21
20100613,76,0,0,256,183,28
20100614,3,0,0,261,178,11
20100615,0,0,0,272,178,24
20100616,0,0,0,239,178,22
20100617,114,0,0,233,183,32
20100618,0,0,0,300,156,15
20100619,0,0,0,272,178,22
20100620,0,0,0,317,217,17
20100621,0,0,0,306,217,17
20100622,69,0,0,306,217,17
20100623,0,0,0,317,217,27
20100624,0,0,0,333,244,29
20100625,0,0,0,306,217,21
20100626,0,0,0,317,217,16
20100627,0,0,0,328,217,17
20100628,3,0,0,339,244,31
20100629,0,0,0,328,211,29
20100630,0,0,0,261,167,26
20100701,0,0,0,250,167,27
20100702,0,0,0,278,161,22
20100703,0,0,0,317,183,15
20100704,0,0,0,356,228,24
20100705,0,0,0,372,244,14
20100706,0,0,0,394,272,15
20100707,0,0,0,378,267,21
20100708,0,0,0,317,250,16
20100709,5,0,0,322,239,25
20100710,0,0,0,283,228,17
20100711,0,0,0,344,217,16
20100712,0,0,0,344,228,20
20100713,213,0,0,283,228,22
20100714,114,0,0,261,228,19
20100715,0,0,0,306,222,24
20100716,0,0,0,339,233,22
20100717,0,0,0,344,244,24
20100718,0,0,0,344,256,25
20100719,38,0,0,333,222,16
20100720,0,0,0,317,233,16
20100721,0,0,0,339,244,18
20100722,0,0,0,322,233,30
20100723,178,0,0,306,228,7
20100724,0,0,0,361,267,24
20100725,89,0,0,339,211,25
20100726,0,0,0,306,200,29
20100727,0,0,0,328,211,19
20100728,0,0,0,317,233,29
20100729,23,0,0,317,233,26
20100730,0,0,0,294,189,22
20100731,0,0,0,294,189,22
20100801,0,0,0,267,211,15
20100802,0,0,0,294,206,22
20100803,0,0,0,300,222,31
20100804,0,0,0,328,239,24
20100805,5,0,0,350,250,30
20100806,0,0,0,322,211,22
20100807,0,0,0,306,200,16
20100808,0,0,0,317,228,30
20100809,0,0,0,344,233,26
20100810,0,0,0,333,256,15
20100811,0,0,0,339,244,23
20100812,23,0,0,244,200,26
20100813,0,0,0,278,200,33
20100814,0,0,0,278,183,24
20100815,41,0,0,250,194,21
20100816,28,0,0,300,206,18
20100817,0,0,0,328,233,14
20100818,0,0,0,300,222,20
20100819,0,0,0,328,200,11
20100820,0,0,0,322,228,25
20100821,0,0,0,294,189,23
20100822,429,0,0,267,206,29
20100823,267,0,0,211,183,36
20100824,5,0,0,211,178,44
20100825,254,0,0,206,178,16
20100826,0,0,0,278,183,25
20100827,0,0,0,261,161,18
20100828,0,0,0,283,167,16
20100829,0,0,0,344,194,15
20100830,0,0,0,333,222,16
20100831,0,0,0,356,244,16
20100901,0,0,0,356,244,14
20100902,0,0,0,344,256,27
20100903,0,0,0,294,239,27
20100904,0,0,0,272,178,47
20100905,0,0,0,256,161,23
20100906,0,0,0,267,156,19
20100907,0,0,0,317,200,28
20100908,0,0,0,322,189,37
20100909,0,0,0,211,161,31
20100910,0,0,0,233,161,25
20100911,0,0,0,261,150,24
20100912,38,0,0,194,150,28
20100913,33,0,0,250,150,15
20100914,0,0,0,244,156,22
20100915,0,0,0,222,139,26
20100916,117,0,0,222,139,24
20100917,13,0,0,217,150,20
20100918,0,0,0,211,144,15
20100919,0,0,0,272,161,12
20100920,0,0,0,233,150,30
20100921,0,0,0,233,122,22
20100922,30,0,0,306,178,26
20100923,0,0,0,272,189,22
20100924,0,0,0,294,194,16
20100925,0,0,0,317,194,32
20100926,0,0,0,222,172,38
20100927,338,0,0,222,161,6
20100928,84,0,0,228,211,-9999
20100929,0,0,0,256,172,19
20100930,279,0,0,239,206,-9999
20101001,625,0,0,233,150,-9999
20101002,0,0,0,189,111,19
20101003,8,0,0,178,100,51
20101004,86,0,0,128,111,44
20101005,0,0,0,161,117,35
20101006,0,0,0,178,122,25
20101007,0,0,0,217,117,34
20101008,0,0,0,228,122,28
20101009,0,0,0,222,122,25
20101010,0,0,0,206,78,18
20101011,287,0,0,239,139,10
20101012,23,0,0,206,122,17
20101013,0,0,0,178,89,20
20101014,155,0,0,172,100,15
20101015,5,0,0,139,94,51
20101016,0,0,0,144,100,47
20101017,0,0,0,206,89,23
20101018,0,0,0,156,100,26
20101019,8,0,0,150,83,12
20101020,0,0,0,150,83,16
20101021,3,0,0,167,94,33
20101022,0,0,0,117,78,34
20101023,0,0,0,178,67,23
20101024,0,0,0,200,117,15
20101025,0,0,0,233,122,21
20101026,0,0,0,222,172,28
20101027,48,0,0,239,183,26
20101028,0,0,0,233,133,31
20101029,0,0,0,139,83,43
20101030,0,0,0,139,56,33
20101031,0,0,0,144,56,38
20101101,0,0,0,94,28,26
20101102,0,0,0,100,22,14
20101103,0,0,0,122,50,17
20101104,277,0,0,106,83,30
20101105,13,0,0,111,72,24
20101106,0,0,0,106,44,24
20101107,0,0,0,106,22,31
20101108,10,0,0,72,44,46
20101109,0,0,0,122,50,36
20101110,0,0,0,133,78,34
20101111,0,0,0,133,56,30
20101112,0,0,0,167,72,26
20101113,0,0,0,178,78,14
20101114,0,0,0,161,78,16
20101115,0,0,0,139,100,25
20101116,114,0,0,150,111,30
20101117,53,0,0,156,106,48
20101118,0,0,0,128,72,32
20101119,0,0,0,89,44,26
20101120,0,0,0,128,50,34
20101121,0,0,0,89,39,27
20101122,0,0,0,183,72,27
20101123,0,0,0,161,100,31
20101124,0,0,0,100,50,43
20101125,15,0,0,78,39,16
20101126,41,0,0,117,33,31
20101127,0,0,0,56,11,43
20101128,0,0,0,83,11,20
20101129,0,0,0,89,17,12
20101130,23,0,0,139,67,32
20101201,305,0,0,156,44,51
20101202,0,0,0,56,11,33
20101203,0,0,0,44,6,27
20101204,0,0,0,44,0,37
20101205,0,0,0,17,-11,44
20101206,0,0,0,17,-11,48
20101207,0,0,0,22,-11,45
20101208,0,0,0,11,-28,43
20101209,0,0,0,-11,-50,36
20101210,0,0,0,33,-56,20
20101211,0,0,0,78,11,19
20101212,351,0,0,133,44,33
20101213,10,0,0,94,-61,45
20101214,3,0,3,-50,-72,49
20101215,0,0,0,-28,-67,45
20101216,0,0,0,-11,-50,28
20101217,0,0,0,22,-50,30
20101218,0,0,0,22,-22,16
20101219,0,0,0,28,-11,22
20101220,0,0,0,28,-39,39
20101221,0,0,0,33,-22,43
20101222,0,0,0,33,-22,42
20101223,0,0,0,17,-11,54
20101224,0,0,0,44,-17,33
20101225,0,0,0,0,-39,17
20101226,277,0,310,-11,-61,47
20101227,132,508,198,-22,-67,76
20101228,0,457,0,33,-44,41
20101229,0,406,0,28,-6,35
20101230,0,356,0,44,-22,18
20101231,0,330,0,72,22,27
20110101,0,305,0,117,44,14
20110102,3,229,0,111,17,23
20110103,0,152,0,22,-22,39
20110104,0,127,0,44,-11,28
20110105,0,102,0,39,-17,28
20110106,0,51,0,6,-33,12
20110107,48,25,43,6,-39,22
20110108,0,76,0,-6,-50,18
20110109,0,51,0,0,-33,50
20110110,0,51,0,17,-44,39
20110111,64,51,76,-6,-50,26
20110112,155,229,155,-6,-44,51
20110113,0,203,0,-11,-78,47
20110114,0,178,0,-11,-78,26
20110115,0,152,0,33,-50,21
20110116,0,127,0,28,-33,36
20110117,0,102,0,-28,-72,31
20110118,323,127,25,50,-44,44
20110119,18,51,0,50,17,25
20110120,0,25,0,17,-11,30
20110121,104,152,107,0,-78,40
20110122,0,152,0,-44,-106,26
20110123,0,152,0,-44,-117,43
20110124,0,152,0,-44,-144,26
20110125,13,152,25,28,-44,17
20110126,328,102,312,17,-11,42
20110127,196,584,170,22,-17,15
20110128,0,508,0,11,-22,16
20110129,3,483,0,22,-17,19
20110130,0,457,0,39,-28,25
20110131,0,432,0,-6,-56,26
20110201,43,457,28,-11,-39,40
20110202,178,432,13,33,-28,29
20110203,0,406,0,11,-44,40
20110204,0,406,0,11,-50,27
20110205,53,381,0,61,-6,25
20110206,0,381,0,72,28,31
20110207,33,330,0,72,22,21
20110208,28,279,0,50,-78,55
20110209,0,254,0,-17,-94,36
20110210,0,254,0,-17,-56,35
20110211,0,203,0,28,-72,27
20110212,0,203,0,44,-11,38
20110213,0,203,0,78,-22,35
20110214,0,178,0,144,28,59
20110215,0,127,0,28,-39,52
20110216,0,102,0,89,-33,21
20110217,0,51,0,172,78,19
20110218,0,0,0,194,78,32
20110219,0,0,0,122,-50,71
20110220,0,0,0,44,-61,39
20110221,86,76,81,28,-44,37
20110222,0,76,0,22,-89,32
20110223,0,51,0,44,-61,16
20110224,13,0,0,67,-11,18
20110225,335,0,0,139,11,-9999
20110226,0,0,0,61,-6,-9999
20110227,0,0,0,100,33,29
20110228,112,0,0,156,44,43
20110301,0,0,0,78,6,30
20110302,0,0,0,117,-39,49
20110303,0,0,0,6,-67,25
20110304,0,0,0,50,-28,35
20110305,3,0,0,161,50,40
20110306,513,0,0,122,100,38
20110307,20,0,0,117,11,46
20110308,0,0,0,89,-17,21
20110309,0,0,0,72,11,48
20110310,272,0,0,117,33,48
20110311,231,0,0,128,44,38
20110312,0,0,0,133,33,37
20110313,0,0,0,117,50,42
20110314,0,0,0,72,28,23
20110315,0,0,0,83,11,23
20110316,142,0,0,139,33,13
20110317,0,0,0,183,67,25
20110318,0,0,0,250,106,36
20110319,0,0,0,150,33,39
20110320,0,0,0,106,11,29
20110321,112,0,0,72,22,22
20110322,0,0,0,100,44,38
20110323,221,0,0,44,0,30
20110324,23,25,25,67,-11,29
20110325,0,0,0,56,-22,31
20110326,0,0,0,44,-33,40
20110327,0,0,0,72,-22,38
20110328,0,0,0,72,-33,42
20110329,0,0,0,94,-6,35
20110330,3,0,0,117,22,20
20110331,33,0,0,61,28,48
20110401,46,0,0,67,17,34
20110402,0,0,0,128,33,46
20110403,0,0,0,144,56,36
20110404,15,0,0,172,61,30
20110405,41,0,0,194,50,47
20110406,23,0,0,128,33,30
20110407,5,0,0,111,56,29
20110408,0,0,0,94,56,20
20110409,0,0,0,144,44,22
20110410,0,0,0,133,78,18
20110411,0,0,0,272,100,31
20110412,277,0,0,222,72,48
20110413,97,0,0,100,61,53
20110414,0,0,0,206,89,26
20110415,0,0,0,133,50,43
20110416,368,0,0,128,50,55
20110417,84,0,0,161,100,42
20110418,0,0,0,172,83,31
20110419,8,0,0,117,83,28
20110420,0,0,0,183,72,26
20110421,0,0,0,172,61,46
20110422,0,0,0,106,44,32
20110423,191,0,0,161,61,25
20110424,127,0,0,267,122,15
20110425,0,0,0,239,133,24
20110426,0,0,0,283,122,28
20110427,0,0,0,239,161,31
20110428,79,0,0,222,161,32
20110429,0,0,0,206,122,29
20110430,0,0,0,194,100,22
20110501,0,0,0,206,100,24
20110502,0,0,0,172,100,23
20110503,0,0,0,239,128,30
20110504,127,0,0,178,78,27
20110505,0,0,0,183,78,38
20110506,0,0,0,222,100,26
20110507,0,0,0,222,128,26
20110508,0,0,0,233,111,22
20110509,0,0,0,217,122,32
20110510,0,0,0,239,117,25
20110511,0,0,0,217,111,26
20110512,0,0,0,233,111,22
20110513,0,0,0,194,111,14
20110514,0,0,0,178,139,24
20110515,226,0,0,206,144,19
20110516,43,0,0,167,117,43
20110517,170,0,0,156,111,57
20110518,554,0,0,194,122,33
20110519,0,0,0,239,156,19
20110520,61,0,0,178,139,5
20110521,18,0,0,256,128,14
20110522,0,0,0,144,122,24
20110523,25,0,0,194,128,24
20110524,0,0,0,272,189,24
20110525,0,0,0,289,183,16
20110526,0,0,0,256,178,22
20110527,0,0,0,283,183,23
20110528,0,0,0,289,194,24
20110529,0,0,0,278,194,23
20110530,74,0,0,300,211,20
20110531,0,0,0,317,206,21
20110601,0,0,0,322,206,26
20110602,0,0,0,267,167,38
20110603,0,0,0,244,139,30
20110604,0,0,0,239,150,22
20110605,0,0,0,211,133,18
20110606,0,0,0,272,156,18
20110607,0,0,0,306,189,23
20110608,0,0,0,344,228,17
20110609,18,0,0,350,206,16
20110610,0,0,0,306,211,21
20110611,140,0,0,222,150,45
20110612,13,0,0,233,144,26
20110613,13,0,0,228,156,20
20110614,13,0,0,222,144,21
20110615,0,0,0,283,133,22
20110616,0,0,0,289,167,20
20110617,462,0,0,244,178,12
20110618,0,0,0,283,178,8
20110619,0,0,0,283,206,18
20110620,0,0,0,272,194,15
20110621,0,0,0,278,211,19
20110622,69,0,0,267,217,14
20110623,66,0,0,217,189,29
20110624,8,0,0,211,183,24
20110625,0,0,0,267,178,18
20110626,0,0,0,261,189,19
20110627,0,0,0,278,189,10
20110628,0,0,0,283,222,11
20110629,25,0,0,278,206,17
20110630,0,0,0,278,183,22
20110701,0,0,0,283,172,16
20110702,0,0,0,300,200,15
20110703,213,0,0,233,206,15
20110704,0,0,0,300,211,11
20110705,0,0,0,306,211,18
20110706,0,0,0,317,228,19
20110707,0,0,0,333,233,17
20110708,102,0,0,294,200,15
20110709,0,0,0,311,194,20
20110710,0,0,0,300,200,9
20110711,0,0,0,328,233,23
20110712,0,0,0,339,256,32
20110713,28,0,0,300,206,25
20110714,0,0,0,289,178,31
20110715,0,0,0,306,189,19
20110716,0,0,0,322,211,21
20110717,0,0,0,328,222,26
20110718,28,0,0,350,239,24
20110719,0,0,0,344,239,18
20110720,0,0,0,317,239,16
20110721,0,0,0,361,239,26
20110722,0,0,0,400,289,20
20110723,0,0,0,378,283,18
20110724,8,0,0,328,256,16
20110725,81,0,0,267,200,24
20110726,36,0,0,322,206,16
20110727,0,0,0,289,200,19
20110728,0,0,0,306,217,14
20110729,274,0,0,289,217,17
20110730,0,0,0,328,233,24
20110731,0,0,0,328,217,13
20110801,5,0,0,344,217,14
20110802,0,0,0,328,228,17
20110803,193,0,0,311,194,14
20110804,0,0,0,289,194,21
20110805,0,0,0,300,211,20
20110806,48,0,0,294,222,26
20110807,41,0,0,317,228,16
20110808,0,0,0,322,233,19
20110809,531,0,0,283,217,20
20110810,0,0,0,300,211,24
20110811,0,0,0,278,206,16
20110812,0,0,0,289,178,13
20110813,0,0,0,294,206,13
20110814,1476,0,0,222,194,22
20110815,142,0,0,250,200,19
20110816,5,0,0,256,183,21
20110817,0,0,0,300,189,8
20110818,18,0,0,283,194,22
20110819,315,0,0,289,183,15
20110820,0,0,0,294,178,10
20110821,170,0,0,289,211,22
20110822,0,0,0,250,183,31
20110823,0,0,0,261,161,17
20110824,0,0,0,267,194,33
20110825,124,0,0,256,222,29
20110826,0,0,0,283,217,9
20110827,732,0,0,256,217,34
20110828,1013,0,0,239,183,63
20110829,0,0,0,250,150,18
20110830,0,0,0,278,161,15
20110831,0,0,0,294,172,10
20110901,0,0,0,283,189,16
20110902,0,0,0,256,183,16
20110903,0,0,0,283,189,20
20110904,0,0,0,300,222,23
20110905,0,0,0,272,222,23
20110906,818,0,0,239,156,38
20110907,307,0,0,200,167,48
20110908,229,0,0,261,172,30
20110909,0,0,0,289,194,20
20110910,0,0,0,267,200,17
20110911,3,0,0,217,178,20
20110912,0,0,0,267,189,9
20110913,0,0,0,278,194,21
20110914,0,0,0,294,211,22
20110915,18,0,0,244,117,21
20110916,0,0,0,183,106,24
20110917,0,0,0,183,117,24
20110918,0,0,0,200,117,33
20110919,0,0,0,200,111,22
20110920,15,0,0,200,161,18
20110921,15,0,0,228,172,10
20110922,5,0,0,267,200,7
20110923,663,0,0,228,206,19
20110924,0,0,0,244,211,9
20110925,0,0,0,267,211,4
20110926,0,0,0,267,200,5
20110927,0,0,0,250,206,16
20110928,28,0,0,233,200,26
20110929,102,0,0,228,161,21
20110930,183,0,0,244,144,17
20111001,99,0,0,194,100,22
20111002,15,0,0,178,100,22
20111003,13,0,0,144,89,11
20111004,0,0,0,172,94,21
20111005,0,0,0,217,117,33
20111006,0,0,0,194,83,13
20111007,0,0,0,189,89,9
20111008,0,0,0,250,122,12
20111009,0,0,0,289,156,12
20111010,0,0,0,272,161,7
20111011,0,0,0,228,167,28
20111012,114,0,0,172,144,45
20111013,86,0,0,189,144,33
20111014,259,0,0,211,139,26
20111015,0,0,0,183,122,34
20111016,0,0,0,189,122,35
20111017,0,0,0,183,139,35
20111018,3,0,0,200,122,16
20111019,284,0,0,167,156,49
20111020,3,0,0,194,122,36
20111021,0,0,0,133,100,30
20111022,0,0,0,156,83,19
20111023,0,0,0,150,100,9
20111024,0,0,0,161,100,17
20111025,0,0,0,167,100,29
20111026,0,0,0,167,106,13
20111027,160,0,0,161,33,29
20111028,0,0,0,94,22,22
20111029,508,0,74,72,6,39
20111030,3,0,0,78,6,26
20111031,0,0,0,117,28,9
20111101,0,0,0,128,72,27
20111102,0,0,0,139,56,9
20111103,0,0,0,150,78,26
20111104,0,0,0,117,50,37
20111105,0,0,0,94,22,22
20111106,0,0,0,122,33,18
20111107,0,0,0,167,72,20
20111108,0,0,0,200,117,10
20111109,0,0,0,183,106,16
20111110,5,0,0,194,83,15
20111111,5,0,0,89,50,37
20111112,0,0,0,139,39,33
20111113,0,0,0,161,83,25
20111114,0,0,0,206,122,31
20111115,0,0,0,183,144,23
20111116,185,0,0,150,117,15
20111117,18,0,0,117,44,30
20111118,0,0,0,78,22,31
20111119,0,0,0,106,33,30
20111120,0,0,0,183,94,38
20111121,30,0,0,150,78,22
20111122,295,0,0,100,61,34
20111123,117,0,0,117,39,31
20111124,0,0,0,122,28,23
20111125,0,0,0,161,78,26
20111126,0,0,0,183,100,14
20111127,0,0,0,172,83,22
20111128,0,0,0,211,133,25
20111129,119,0,0,189,106,33
20111130,0,0,0,111,61,40
20111201,0,0,0,100,28,34
20111202,0,0,0,111,39,24
20111203,0,0,0,83,28,19
20111204,0,0,0,128,56,17
20111205,0,0,0,150,83,13
20111206,51,0,0,167,133,18
20111207,427,0,0,167,56,20
20111208,41,0,0,72,22,41
20111209,0,0,0,111,22,23
20111210,0,0,0,78,0,28
20111211,0,0,0,39,-17,17
20111212,0,0,0,67,6,18
20111213,0,0,0,83,0,20
20111214,0,0,0,100,22,16
20111215,0,0,0,150,83,36
20111216,0,0,0,150,50,34
20111217,0,0,0,56,-6,-9999
20111218,0,0,0,-6,-56,20
20111219,0,0,0,83,-22,34
20111220,3,0,0,89,50,22
20111221,28,0,0,167,56,27
20111222,15,0,0,144,89,24
20111223,191,0,0,94,17,30
20111224,0,0,0,22,-17,24
20111225,0,0,0,78,-6,26
20111226,0,0,0,72,33,40
20111227,259,0,0,139,33,36
20111228,0,0,0,100,-6,52
20111229,0,0,0,33,-44,31
20111230,0,0,0,106,28,15
20111231,3,0,0,122,78,24
20120101,13,0,0,111,50,27
20120102,0,0,0,100,6,46
20120103,0,0,0,6,-94,47
20120104,0,0,0,-28,-106,34
20120105,0,0,0,44,-28,28
20120106,0,0,0,117,17,31
20120107,0,0,0,167,78,31
20120108,0,0,0,78,6,35
20120109,0,0,0,50,-6,16
20120110,0,0,0,83,6,33
20120111,18,0,0,89,28,26
20120112,351,0,0,72,50,41
20120113,23,0,0,100,-22,51
20120114,0,0,0,0,-28,39
20120115,0,0,0,-28,-94,39
20120116,10,0,0,28,-94,21
20120117,48,0,0,117,22,36
20120118,0,0,0,122,-44,47
20120119,0,0,0,28,-67,30
20120120,0,0,0,22,-44,32
20120121,99,25,109,-17,-56,43
20120122,0,76,0,11,-78,38
20120123,94,51,0,117,11,33
20120124,0,0,0,117,56,37
20120125,0,0,0,67,22,30
20120126,46,0,0,44,6,17
20120127,119,0,0,150,44,38
20120128,0,0,0,78,33,-9999
20120129,0,0,0,67,11,-9999
20120130,0,0,0,44,11,-9999
20120131,0,0,0,150,33,-9999
20120201,8,0,0,167,89,36
20120202,0,0,0,100,17,31
20120203,0,0,0,67,-11,30
20120204,0,0,0,78,17,23
20120205,0,0,0,44,0,27
20120206,0,0,0,106,6,36
20120207,0,0,0,94,33,28
20120208,3,0,0,33,-6,19
20120209,0,0,0,78,-6,30
20120210,0,0,0,72,11,27
20120211,20,0,0,33,0,26
20120212,3,0,5,0,-67,44
20120213,0,0,0,67,-22,36
20120214,5,0,0,83,22,19
20120215,3,0,0,78,39,16
20120216,48,0,0,67,22,20
20120217,8,0,0,100,50,30
20120218,5,0,0,89,17,29
20120219,0,0,0,67,17,31
20120220,0,0,0,78,-6,33
20120221,0,0,0,78,0,33
20120222,0,0,0,139,61,29
20120223,0,0,0,144,78,36
20120224,152,0,0,78,22,36
20120225,0,0,0,72,6,67
20120226,0,0,0,72,-17,39
20120227,0,0,0,150,22,14
20120228,0,0,0,100,44,25
20120229,94,0,0,56,33,17
20120301,33,0,0,50,28,9
20120302,41,0,0,56,6,36
20120303,30,0,0,133,56,18
20120304,0,0,0,72,22,31
20120305,0,0,0,67,-22,38
20120306,0,0,0,67,-39,32
20120307,0,0,0,167,28,37
20120308,0,0,0,217,117,30
20120309,5,0,0,178,28,39
20120310,0,0,0,61,-17,30
20120311,0,0,0,161,22,34
20120312,0,0,0,217,83,19
20120313,10,0,0,233,122,26
20120314,0,0,0,211,100,20
20120315,0,0,0,111,61,30
20120316,8,0,0,106,61,15
20120317,0,0,0,167,72,22
20120318,0,0,0,178,78,13
20120319,0,0,0,233,128,18
20120320,0,0,0,228,128,13
20120321,0,0,0,194,139,17
20120322,0,0,0,256,133,15
20120323,0,0,0,244,144,19
20120324,3,0,0,183,83,34
20120325,15,0,0,111,72,31
20120326,0,0,0,122,11,34
20120327,0,0,0,106,-11,24
20120328,5,0,0,194,67,26
20120329,0,0,0,161,61,40
20120330,28,0,0,139,44,20
20120331,66,0,0,61,33,31
20120401,130,0,0,111,56,11
20120402,10,0,0,139,44,35
20120403,0,0,0,178,44,26
20120404,0,0,0,200,83,26
20120405,0,0,0,144,56,23
20120406,0,0,0,150,33,30
20120407,0,0,0,161,44,25
20120408,0,0,0,194,67,35
20120409,0,0,0,178,94,49
20120410,0,0,0,156,72,25
20120411,0,0,0,117,61,22
20120412,0,0,0,161,61,22
20120413,0,0,0,183,61,15
20120414,0,0,0,222,100,15
20120415,0,0,0,250,144,16
20120416,0,0,0,311,183,25
20120417,0,0,0,256,161,25
20120418,3,0,0,167,94,22
20120419,10,0,0,211,83,9
20120420,0,0,0,217,122,22
20120421,56,0,0,217,122,22
20120422,622,0,0,122,78,39
20120423,56,0,0,122,56,30
20120424,0,0,0,150,50,28
20120425,0,0,0,167,61,10
20120426,8,0,0,161,72,26
20120427,10,0,0,133,50,42
20120428,0,0,0,156,33,27
20120429,0,0,0,172,67,25
20120430,0,0,0,167,61,18
20120501,157,0,0,200,106,18
20120502,20,0,0,117,100,26
20120503,119,0,0,144,100,11
20120504,25,0,0,228,122,9
20120505,0,0,0,172,133,14
20120506,0,0,0,183,117,16
20120507,3,0,0,183,111,16
20120508,10,0,0,189,128,22
20120509,84,0,0,206,139,13
20120510,48,0,0,178,111,26
20120511,0,0,0,200,94,25
20120512,0,0,0,256,117,18
20120513,0,0,0,272,172,20
20120514,0,0,0,211,172,18
20120515,137,0,0,183,161,15
20120516,23,0,0,256,161,9
20120517,0,0,0,222,117,19
20120518,0,0,0,222,122,19
20120519,0,0,0,267,117,14
20120520,0,0,0,256,139,27
20120521,356,0,0,167,139,32
20120522,58,0,0,211,156,21
20120523,8,0,0,239,178,13
20120524,241,0,0,189,167,18
20120525,0,0,0,239,156,16
20120526,5,0,0,289,194,12
20120527,15,0,0,272,178,7
20120528,0,0,0,317,217,12
20120529,53,0,0,317,200,20
20120530,3,0,0,244,200,14
20120531,0,0,0,261,189,22
20120601,64,0,0,233,167,36
20120602,99,0,0,239,161,23
20120603,3,0,0,244,144,24
20120604,46,0,0,172,122,34
20120605,3,0,0,178,106,17
20120606,3,0,0,222,122,10
20120607,3,0,0,256,144,13
20120608,0,0,0,272,156,14
20120609,0,0,0,256,178,13
20120610,0,0,0,289,189,7
20120611,0,0,0,250,178,24
20120612,259,0,0,222,183,25
20120613,81,0,0,206,178,25
20120614,0,0,0,250,167,27
20120615,0,0,0,267,156,18
20120616,0,0,0,267,156,20
20120617,0,0,0,228,144,20
20120618,0,0,0,222,139,14
20120619,0,0,0,250,172,12
20120620,0,0,0,344,211,16
20120621,0,0,0,344,261,21
20120622,89,0,0,322,211,12
20120623,0,0,0,289,206,18
20120624,15,0,0,289,189,13
20120625,38,0,0,233,167,16
20120626,0,0,0,222,144,28
20120627,0,0,0,272,167,30
20120628,0,0,0,311,200,24
20120629,53,0,0,339,200,17
20120630,0,0,0,339,250,21
20120701,0,0,0,344,233,21
20120702,0,0,0,311,222,20
20120703,0,0,0,317,217,13
20120704,15,0,0,333,211,19
20120705,0,0,0,350,250,23
20120706,0,0,0,339,222,12
20120707,127,0,0,361,222,18
20120708,23,0,0,333,222,14
20120709,0,0,0,300,228,17
20120710,0,0,0,306,206,17
20120711,0,0,0,294,217,12
20120712,0,0,0,317,211,12
20120713,0,0,0,317,233,13
20120714,0,0,0,294,228,19
20120715,66,0,0,317,217,16
20120716,0,0,0,328,211,21
20120717,0,0,0,356,233,19
20120718,447,0,0,378,228,13
20120719,5,0,0,244,200,21
20120720,147,0,0,222,161,33
20120721,0,0,0,256,161,19
20120722,0,0,0,283,183,11
20120723,38,0,0,300,217,18
20120724,0,0,0,328,233,29
20120725,0,0,0,294,194,19
20120726,152,0,0,311,200,24
20120727,0,0,0,306,217,20
20120728,46,0,0,272,200,23
20120729,3,0,0,267,200,16
20120730,0,0,0,272,200,14
20120731,0,0,0,267,211,17
20120801,163,0,0,256,211,10
20120802,0,0,0,306,211,12
20120803,0,0,0,317,239,16
20120804,0,0,0,322,239,14
20120805,56,0,0,328,228,27
20120806,3,0,0,300,222,16
20120807,0,0,0,283,200,9
20120808,0,0,0,300,228,5
20120809,0,0,0,311,228,13
20120810,61,0,0,267,211,19
20120811,0,0,0,306,239,20
20120812,0,0,0,306,228,21
20120813,0,0,0,300,206,19
20120814,3,0,0,261,222,10
20120815,145,0,0,278,194,13
20120816,0,0,0,294,189,15
20120817,38,0,0,311,183,18
20120818,81,0,0,261,172,15
20120819,0,0,0,233,167,5
20120820,0,0,0,256,183,5
20120821,0,0,0,278,189,14
20120822,0,0,0,278,200,9
20120823,0,0,0,294,206,9
20120824,0,0,0,306,206,9
20120825,0,0,0,300,211,16
20120826,0,0,0,289,200,21
20120827,155,0,0,272,211,17
20120828,36,0,0,306,228,28
20120829,0,0,0,261,194,20
20120830,0,0,0,278,161,16
20120831,0,0,0,328,206,21
20120901,0,0,0,328,233,22
20120902,0,0,0,278,217,12
20120903,0,0,0,261,217,30
20120904,33,0,0,267,211,17
20120905,18,0,0,267,217,17
20120906,0,0,0,267,206,11
20120907,0,0,0,306,217,13
20120908,99,0,0,272,172,20
20120909,0,0,0,256,172,14
20120910,0,0,0,222,144,23
20120911,0,0,0,228,122,13
20120912,0,0,0,267,150,14
20120913,0,0,0,272,172,11
20120914,0,0,0,267,178,17
20120915,3,0,0,228,156,20
20120916,0,0,0,239,133,9
20120917,0,0,0,256,139,13
20120918,391,0,0,239,194,28
20120919,0,0,0,211,139,23
20120920,0,0,0,206,122,25
20120921,0,0,0,239,156,21
20120922,56,0,0,244,156,14
20120923,0,0,0,200,128,28
20120924,0,0,0,194,117,18
20120925,0,0,0,222,122,27
20120926,3,0,0,250,172,19
20120927,15,0,0,239,172,12
20120928,498,0,0,206,156,19
20120929,0,0,0,183,139,12
20120930,0,0,0,200,128,13
20121001,0,0,0,211,111,20
20121002,97,0,0,206,167,13
20121003,0,0,0,228,172,7
20121004,0,0,0,233,189,5
20121005,0,0,0,256,161,15
20121006,0,0,0,250,122,25
20121007,48,0,0,122,78,9
20121008,0,0,0,128,67,14
20121009,8,0,0,144,100,29
20121010,64,0,0,189,117,26
20121011,0,0,0,150,83,25
20121012,0,0,0,133,56,26
20121013,0,0,0,117,33,16
20121014,0,0,0,211,117,28
20121015,51,0,0,217,150,22
20121016,0,0,0,150,89,25
20121017,0,0,0,161,67,8
20121018,0,0,0,183,100,19
20121019,226,0,0,189,161,23
20121020,0,0,0,206,122,16
20121021,0,0,0,183,94,26
20121022,0,0,0,189,94,19
20121023,8,0,0,183,122,6
20121024,0,0,0,150,133,23
20121025,0,0,0,167,128,14
20121026,0,0,0,183,139,7
20121027,0,0,0,183,150,29
20121028,0,0,0,150,128,52
20121029,170,0,0,167,111,84
20121030,69,0,0,122,83,34
20121031,3,0,0,100,67,23
20121101,0,0,0,106,61,26
20121102,0,0,0,117,56,30
20121103,0,0,0,106,44,38
20121104,0,0,0,106,39,30
20121105,0,0,0,72,17,21
20121106,0,0,0,56,-6,25
20121107,284,0,109,50,-6,47
20121108,15,102,10,89,0,32
20121109,0,0,0,117,22,36
20121110,0,0,0,128,56,7
20121111,0,0,0,178,100,12
20121112,0,0,0,189,89,17
20121113,23,0,0,167,44,27
20121114,0,0,0,83,28,29
20121115,0,0,0,72,17,21
20121116,0,0,0,78,33,21
20121117,0,0,0,106,39,23
20121118,0,0,0,94,33,29
20121119,0,0,0,83,28,25
20121120,0,0,0,106,44,18
20121121,0,0,0,117,44,20
20121122,0,0,0,122,50,12
20121123,3,0,0,133,61,22
20121124,0,0,0,100,17,46
20121125,0,0,0,44,6,30
20121126,0,0,0,89,22,24
20121127,135,0,0,56,11,26
20121128,0,0,0,50,11,25
20121129,0,0,0,61,11,30
20121130,0,0,0,78,33,25
20121201,0,0,0,50,22,40
20121202,10,0,0,111,50,13
20121203,0,0,0,156,94,17
20121204,18,0,0,167,83,13
20121205,0,0,0,144,17,36
20121206,0,0,0,44,-17,15
20121207,36,0,0,78,17,11
20121208,91,0,0,100,67,14
20121209,46,0,0,100,56,30
20121210,8,0,0,150,67,18
20121211,15,0,0,144,50,25
20121212,0,0,0,61,22,15
20121213,0,0,0,78,22,7
20121214,0,0,0,89,28,23
20121215,0,0,0,83,33,17
20121216,102,0,0,83,56,40
20121217,74,0,0,61,44,41
20121218,130,0,0,122,61,33
20121219,0,0,0,83,39,42
20121220,5,0,0,83,17,24
20121221,178,0,0,133,22,46
20121222,0,0,0,33,22,55
20121223,0,0,0,56,17,31
20121224,18,0,0,44,6,16
20121225,15,0,0,50,0,25
20121226,251,0,10,39,-22,62
20121227,157,0,0,39,-11,56
20121228,0,0,0,28,-11,33
20121229,66,0,0,11,-11,27
20121230,0,0,0,11,-22,51
20121231,0,0,0,33,-22,34
20130101,0,0,0,44,-33,31
20130102,0,0,0,6,-56,26
20130103,0,0,0,0,-44,20
20130104,0,0,0,28,-11,36
20130105,0,0,0,56,0,30
20130106,0,0,0,78,11,30
20130107,0,0,0,72,28,24
20130108,0,0,0,89,17,29
20130109,0,0,0,94,39,18
20130110,0,0,0,83,44,30
20130111,140,0,0,78,28,20
20130112,5,0,0,83,56,17
20130113,0,0,0,100,61,12
20130114,23,0,0,133,33,22
20130115,30,0,0,33,17,31
20130116,175,0,0,28,0,22
20130117,0,0,0,61,17,25
20130118,0,0,0,17,-39,30
20130119,0,0,0,106,-11,44
20130120,0,0,0,117,-11,49
20130121,0,0,0,0,-33,23
20130122,0,0,0,-28,-106,47
20130123,0,0,0,-67,-117,35
20130124,0,0,0,-56,-111,38
20130125,18,0,38,-44,-106,30
20130126,0,51,0,-28,-94,30
20130127,0,25,0,11,-72,26
20130128,56,25,0,22,-17,21
20130129,15,0,0,94,22,20
20130130,10,0,0,150,39,23
20130131,229,0,0,161,-11,55
20130201,0,0,0,-6,-44,38
20130202,5,0,3,-17,-72,29
20130203,5,0,8,-11,-44,16
20130204,0,0,0,-11,-50,33
20130205,5,0,10,0,-22,22
20130206,0,0,0,39,-17,21
20130207,0,0,0,0,-33,26
20130208,292,0,160,11,-28,61
20130209,97,0,130,0,-61,38
20130210,0,254,0,22,-78,14
20130211,124,229,0,72,11,16
20130212,0,102,0,67,22,38
20130213,8,0,0,67,6,15
20130214,0,0,0,78,6,18
20130215,0,0,0,128,28,27
20130216,5,0,0,50,-6,32
20130217,0,0,0,0,-78,55
20130218,0,0,0,17,-83,37
20130219,38,0,0,94,6,30
20130220,0,0,0,33,-39,54
20130221,0,0,0,11,-44,45
20130222,0,0,0,33,-39,32
20130223,66,0,0,56,22,40
20130224,3,0,0,83,11,32
20130225,0,0,0,72,0,21
20130226,36,0,0,67,17,34
20130227,396,0,0,83,22,50
20130228,0,0,0,106,39,20
20130301,0,0,0,72,22,24
20130302,0,0,0,44,-6,34
20130303,0,0,0,44,-17,34
20130304,0,0,0,56,-28,46
20130305,0,0,0,94,-6,32
20130306,0,0,0,56,33,69
20130307,48,0,0,33,6,45
20130308,137,51,102,56,-6,34
20130309,0,51,0,128,17,27
20130310,0,0,0,100,22,21
20130311,0,0,0,122,44,29
20130312,201,0,0,139,61,36
20130313,0,0,0,111,33,28
20130314,0,0,0,50,-17,51
20130315,0,0,0,83,-11,35
20130316,30,0,8,50,0,17
20130317,0,0,0,33,-17,27
20130318,165,0,76,17,-22,43
20130319,91,51,0,61,6,43
20130320,0,0,0,72,0,34
20130321,0,0,0,44,-11,29
20130322,0,0,0,50,-22,40
20130323,0,0,0,78,0,43
20130324,0,0,0,83,6,23
20130325,43,0,0,44,22,40
20130326,0,0,0,117,28,21
20130327,0,0,0,117,22,25
20130328,0,0,0,106,28,26
20130329,0,0,0,128,44,25
20130330,0,0,0,150,44,19
20130331,20,0,0,122,67,28
20130401,0,0,0,167,28,29
20130402,0,0,0,61,6,43
20130403,0,0,0,78,6,48
20130404,0,0,0,117,6,26
20130405,0,0,0,178,50,25
20130406,0,0,0,111,17,27
20130407,0,0,0,128,44,32
20130408,0,0,0,228,106,19
20130409,0,0,0,278,106,22
20130410,124,0,0,233,128,22
20130411,0,0,0,156,83,28
20130412,160,0,0,83,50,50
20130413,3,0,0,144,50,13
20130414,0,0,0,139,78,26
20130415,0,0,0,150,67,26
20130416,0,0,0,172,83,29
20130417,5,0,0,217,128,24
20130418,3,0,0,150,106,27
20130419,13,0,0,217,128,32
20130420,15,0,0,156,61,38
20130421,0,0,0,128,28,22
20130422,0,0,0,128,50,43
20130423,0,0,0,117,50,39
20130424,0,0,0,206,67,22
20130425,0,0,0,189,78,24
20130426,0,0,0,194,100,15
20130427,0,0,0,217,89,21
20130428,0,0,0,206,106,20
20130429,10,0,0,139,111,23
20130430,0,0,0,200,106,24
20130501,0,0,0,206,83,21
20130502,0,0,0,222,94,16
20130503,0,0,0,189,94,29
20130504,0,0,0,206,89,26
20130505,0,0,0,178,78,25
20130506,0,0,0,206,78,16
20130507,0,0,0,233,111,26
20130508,767,0,0,172,128,25
20130509,127,0,0,200,122,16
20130510,3,0,0,261,150,17
20130511,277,0,0,211,161,14
20130512,0,0,0,211,106,35
20130513,0,0,0,144,72,32
20130514,0,0,0,161,56,20
20130515,0,0,0,206,111,45
20130516,0,0,0,261,167,16
20130517,0,0,0,222,144,16
20130518,3,0,0,183,133,9
20130519,152,0,0,150,128,21
20130520,0,0,0,261,144,7
20130521,0,0,0,300,200,24
20130522,0,0,0,256,150,15
20130523,460,0,0,267,178,24
20130524,76,0,0,183,72,24
20130525,36,0,0,122,72,41
20130526,0,0,0,189,89,38
20130527,0,0,0,228,106,17
20130528,132,0,0,200,133,12
20130529,0,0,0,278,144,7
20130530,0,0,0,322,222,23
20130531,0,0,0,322,239,18
20130601,0,0,0,322,228,17
20130602,216,0,0,311,206,27
20130603,221,0,0,256,189,15
20130604,0,0,0,239,139,22
20130605,0,0,0,233,144,17
20130606,33,0,0,211,150,23
20130607,1057,0,0,172,150,38
20130608,122,0,0,250,139,17
20130609,0,0,0,267,172,10
20130610,351,0,0,211,167,26
20130611,23,0,0,267,178,29
20130612,0,0,0,244,183,24
20130613,320,0,0,206,128,30
20130614,97,0,0,222,117,23
20130615,0,0,0,267,161,17
20130616,0,0,0,267,183,17
20130617,3,0,0,289,206,12
20130618,51,0,0,289,178,16
20130619,0,0,0,250,150,23
20130620,0,0,0,267,167,17
20130621,0,0,0,278,178,22
20130622,0,0,0,289,183,18
20130623,0,0,0,311,211,21
20130624,0,0,0,333,233,19
20130625,0,0,0,328,228,15
20130626,13,0,0,294,233,17
20130627,61,0,0,300,228,18
20130628,0,0,0,294,228,23
20130629,0,0,0,283,217,17
20130630,0,0,0,300,228,14
20130701,213,0,0,250,222,14
20130702,20,0,0,278,222,12
20130703,135,0,0,283,228,19
20130704,0,0,0,306,239,19
20130705,0,0,0,322,244,22
20130706,0,0,0,333,256,20
20130707,0,0,0,333,256,19
20130708,56,0,0,317,228,21
20130709,58,0,0,311,233,14
20130710,0,0,0,294,239,19
20130711,0,0,0,289,244,17
20130712,64,0,0,250,200,43
20130713,15,0,0,272,194,24
20130714,0,0,0,322,233,18
20130715,0,0,0,344,256,16
20130716,0,0,0,344,250,21
20130717,0,0,0,361,261,15
20130718,0,0,0,367,272,17
20130719,0,0,0,356,283,23
20130720,0,0,0,339,272,26
20130721,0,0,0,317,244,21
20130722,15,0,0,300,239,22
20130723,79,0,0,306,228,19
20130724,0,0,0,283,200,20
20130725,3,0,0,200,178,40
20130726,0,0,0,283,183,23
20130727,0,0,0,278,211,15
20130728,61,0,0,256,211,9
20130729,3,0,0,294,206,17
20130730,0,0,0,283,194,18
20130731,0,0,0,283,194,13
20130801,165,0,0,244,189,13
20130802,0,0,0,283,194,20
20130803,15,0,0,256,200,15
20130804,0,0,0,267,189,23
20130805,0,0,0,256,167,15
20130806,0,0,0,278,178,12
20130807,0,0,0,267,211,23
20130808,117,0,0,272,211,20
20130809,13,0,0,294,233,19
20130810,0,0,0,283,211,22
20130811,0,0,0,272,183,11
20130812,13,0,0,278,211,9
20130813,216,0,0,250,200,12
20130814,0,0,0,233,161,29
20130815,0,0,0,256,150,16
20130816,0,0,0,278,178,9
20130817,0,0,0,289,178,9
20130818,0,0,0,244,200,13
20130819,0,0,0,261,189,15
20130820,0,0,0,311,200,13
20130821,0,0,0,322,222,11
20130822,64,0,0,256,217,17
20130823,0,0,0,278,217,25
20130824,0,0,0,267,183,22
20130825,0,0,0,283,178,18
20130826,10,0,0,289,200,26
20130827,3,0,0,306,217,21
20130828,109,0,0,300,217,12
20130829,0,0,0,267,217,22
20130830,0,0,0,294,211,19
20130831,0,0,0,300,228,22
20130901,0,0,0,289,239,11
20130902,13,0,0,278,233,4
20130903,8,0,0,278,200,13
20130904,0,0,0,278,183,24
20130905,0,0,0,267,178,25
20130906,0,0,0,222,139,16
20130907,0,0,0,267,150,15
20130908,0,0,0,283,178,29
20130909,0,0,0,228,139,19
20130910,3,0,0,306,200,26
20130911,0,0,0,356,250,20
20130912,406,0,0,306,211,18
20130913,15,0,0,250,150,23
20130914,0,0,0,194,122,21
20130915,0,0,0,228,106,17
20130916,8,0,0,228,133,21
20130917,0,0,0,183,100,21
20130918,0,0,0,222,106,12
20130919,0,0,0,256,128,11
20130920,0,0,0,261,156,14
20130921,183,0,0,250,161,20
20130922,114,0,0,206,122,26
20130923,0,0,0,189,100,18
20130924,0,0,0,228,83,18
20130925,0,0,0,228,111,8
20130926,0,0,0,217,144,16
20130927,0,0,0,206,139,21
20130928,0,0,0,228,133,20
20130929,0,0,0,222,139,14
20130930,0,0,0,239,133,15
20131001,0,0,0,278,150,9
20131002,0,0,0,283,178,18
20131003,0,0,0,256,172,7
20131004,0,0,0,300,189,13
20131005,0,0,0,244,178,16
20131006,0,0,0,211,183,26
20131007,64,0,0,244,156,26
20131008,0,0,0,194,122,27
20131009,0,0,0,167,117,38
20131010,0,0,0,183,122,40
20131011,5,0,0,200,156,42
20131012,0,0,0,222,156,50
20131013,0,0,0,183,133,38
20131014,0,0,0,189,111,11
20131015,0,0,0,222,117,13
20131016,0,0,0,194,133,14
20131017,5,0,0,228,161,12
20131018,0,0,0,200,128,30
20131019,3,0,0,178,111,15
20131020,0,0,0,172,100,25
20131021,0,0,0,189,100,17
20131022,0,0,0,194,106,20
20131023,0,0,0,128,72,20
20131024,0,0,0,122,50,30
20131025,0,0,0,117,44,23
20131026,0,0,0,128,50,28
20131027,0,0,0,144,78,23
20131028,0,0,0,161,61,20
20131029,0,0,0,133,67,22
20131030,0,0,0,156,83,9
20131031,15,0,0,189,117,16
20131101,33,0,0,211,150,22
20131102,0,0,0,200,128,17
20131103,0,0,0,128,28,28
20131104,0,0,0,78,17,29
20131105,0,0,0,128,50,18
20131106,0,0,0,161,94,16
20131107,33,0,0,178,67,30
20131108,0,0,0,100,44,39
20131109,0,0,0,100,33,22
20131110,0,0,0,161,67,34
20131111,0,0,0,117,61,29
20131112,8,0,0,111,-5,28
20131113,0,0,0,39,-16,27
20131114,0,0,0,111,6,36
20131115,0,0,0,139,67,21
20131116,13,0,0,156,72,12
20131117,8,0,0,156,106,16
20131118,56,0,0,183,106,33
20131119,0,0,0,106,22,41
20131120,0,0,0,67,0,31
20131121,0,0,0,111,17,22
20131122,18,0,0,139,106,28
20131123,0,0,0,122,-5,43
20131124,0,0,0,-10,-49,54
20131125,0,0,0,17,-49,26
20131126,130,0,0,83,6,19
20131127,503,0,0,167,17,43
20131128,0,0,0,17,-10,32
20131129,0,0,0,39,-16,17
20131130,0,0,0,39,-38,23
20131201,0,0,0,94,22,8
20131202,0,0,0,94,50,14
20131203,0,0,0,117,33,14
20131204,0,0,0,111,50,13
20131205,3,0,0,156,89,11
20131206,185,0,0,167,28,26
20131207,36,0,0,50,0,27
20131208,20,0,18,6,-16,28
20131209,76,0,0,39,-5,30
20131210,58,0,36,28,-10,29
20131211,0,0,0,6,-27,34
20131212,0,0,0,-10,-49,33
20131213,0,0,0,17,-49,25
20131214,185,0,127,11,-55,45
20131215,183,80,0,44,-10,39
20131216,0,80,0,6,-38,35
20131217,48,80,38,0,-43,27
20131218,0,100,0,28,-49,30
20131219,0,80,0,83,-10,22
20131220,0,80,0,117,50,23
20131221,3,30,0,183,106,35
20131222,0,0,0,217,161,25
20131223,130,0,0,178,56,21
20131224,0,0,0,56,-32,37
20131225,0,0,0,-5,-71,21
20131226,0,0,0,22,-10,24
20131227,0,0,0,44,-5,26
20131228,0,0,0,128,22,32
20131229,305,0,0,89,50,27
20131230,0,0,0,72,-49,28
20131231,0,0,0,0,-60,26
20140101,0,0,0,6,-43,25
20140102,84,0,79,6,-77,55
20140103,74,150,84,-77,-127,47
20140104,0,150,0,-16,-132,22
20140105,36,100,0,44,-27,17
20140106,91,30,0,128,-71,38
20140107,0,0,0,-71,-155,59
20140108,0,0,0,-55,-127,32
20140109,0,0,0,0,-55,13
20140110,28,0,0,28,-10,15
20140111,127,0,0,144,28,32
20140112,13,0,0,122,33,37
20140113,0,0,0,106,28,23
20140114,97,0,0,111,67,22
20140115,0,0,0,83,39,13
20140116,0,0,0,56,22,18
20140117,0,0,0,67,6,16
20140118,18,0,0,50,-16,32
20140119,0,0,0,33,-43,33
20140120,0,0,0,78,-5,33
20140121,117,0,279,-5,-116,47
20140122,5,280,13,-82,-149,39
20140123,0,180,0,-66,-138,32
20140124,0,150,0,-66,-121,36
20140125,10,100,25,-21,-71,34
20140126,0,100,0,11,-82,-9999
20140127,0,80,0,67,-60,35
20140128,0,30,0,-60,-110,27
20140129,10,50,20,-49,-99,29
20140130,0,25,0,-10,-88,17
20140131,0,30,0,39,-38,22
20140201,0,30,0,72,22,16
20140202,0,30,0,133,39,14
20140203,297,30,203,61,-27,30
20140204,0,200,0,17,-55,10
20140205,363,230,102,11,-16,32
20140206,0,230,0,0,-60,18
20140207,0,230,0,0,-43,30
20140208,0,230,0,-16,-60,22
20140209,25,200,30,-5,-60,16
20140210,0,250,0,-16,-60,32
20140211,0,250,0,-32,-88,24
20140212,0,250,0,-38,-105,26
20140213,452,300,241,22,-43,56
20140214,76,460,76,44,-5,47
20140215,33,460,41,28,-27,42
20140216,0,460,0,-10,-60,40
20140217,0,430,0,0,-77,24
20140218,41,460,38,39,-32,23
20140219,66,430,0,72,11,23
20140220,8,380,0,106,28,22
20140221,23,330,0,94,22,33
20140222,0,250,0,122,44,32
20140223,0,230,0,122,61,24
20140224,0,150,0,67,-27,42
20140225,0,150,0,6,-43,31
20140226,8,150,5,-5,-66,24
20140227,0,150,0,11,-99,38
20140228,0,150,0,-43,-127,21
20140301,0,150,0,28,-66,20
20140302,0,130,0,44,0,17
20140303,10,130,3,0,-82,30
20140304,0,130,0,-16,-105,21
20140305,0,100,0,39,-32,23
20140306,0,100,0,-5,-88,38
20140307,0,100,0,28,-32,35
20140308,0,80,0,139,17,26
20140309,0,50,0,67,22,28
20140310,0,30,0,106,22,24
20140311,0,0,0,189,72,21
20140312,89,0,0,133,0,24
20140313,0,0,0,0,-77,63
20140314,0,0,0,78,-55,25
20140315,0,0,0,144,56,40
20140316,0,0,0,56,-10,34
20140317,0,0,0,17,-49,36
20140318,0,0,0,61,-21,31
20140319,234,0,0,78,0,32
20140320,0,0,0,122,44,36
20140321,0,0,0,106,39,34
20140322,0,0,0,172,50,31
20140323,0,0,0,56,-27,33
20140324,0,0,0,17,-60,30
20140325,0,0,0,39,-32,26
20140326,0,0,0,22,-43,53
20140327,0,0,0,67,-55,30
20140328,10,0,0,167,28,24
20140329,460,0,0,150,61,48
20140330,89,0,0,94,39,45
20140331,41,0,0,133,22,37
20140401,0,0,0,156,39,21
20140402,0,0,0,122,56,9
20140403,18,0,0,194,78,17
20140404,53,0,0,83,44,38
20140405,0,0,0,122,44,38
20140406,0,0,0,161,22,19
20140407,132,0,0,117,61,27
20140408,86,0,0,178,78,31
20140409,0,0,0,161,72,31
20140410,0,0,0,144,56,31
20140411,0,0,0,239,133,26
20140412,0,0,0,228,100,19
20140413,0,0,0,250,122,26
20140414,0,0,0,239,150,33
20140415,180,0,0,172,6,39
20140416,13,0,0,94,-5,34
20140417,0,0,0,89,22,35
20140418,0,0,0,94,17,24
20140419,0,0,0,200,50,25
20140420,0,0,0,156,72,28
20140421,0,0,0,194,50,19
20140422,3,0,0,217,106,25
20140423,0,0,0,161,67,42
20140424,0,0,0,167,56,38
20140425,5,0,0,172,67,22
20140426,234,0,0,194,78,24
20140427,0,0,0,150,83,26
20140428,0,0,0,194,72,19
20140429,8,0,0,111,61,40
20140430,1262,0,0,111,50,37
20140501,30,0,0,256,106,20
20140502,0,0,0,211,133,20
20140503,20,0,0,217,122,15
20140504,5,0,0,183,122,37
20140505,0,0,0,211,100,33
20140506,0,0,0,217,111,17
20140507,0,0,0,206,100,18
20140508,104,0,0,150,117,20
20140509,10,0,0,172,128,14
20140510,94,0,0,283,139,20
20140511,8,0,0,278,156,14
20140512,0,0,0,294,178,8
20140513,0,0,0,228,117,32
20140514,3,0,0,217,111,21
20140515,38,0,0,217,144,24
20140516,391,0,0,200,144,29
20140517,0,0,0,211,117,22
20140518,0,0,0,194,106,26
20140519,0,0,0,222,94,21
20140520,0,0,0,256,117,14
20140521,0,0,0,233,172,11
20140522,61,0,0,194,150,14
20140523,231,0,0,217,133,19
20140524,102,0,0,211,139,16
20140525,0,0,0,267,128,9
20140526,0,0,0,300,189,22
20140527,0,0,0,300,178,19
20140528,0,0,0,178,122,34
20140529,0,0,0,189,106,19
20140530,0,0,0,239,128,11
20140531,13,0,0,228,139,26
20140601,0,0,0,250,128,16
20140602,0,0,0,267,150,20
20140603,30,0,0,306,183,18
20140604,0,0,0,278,172,16
20140605,221,0,0,244,161,25
20140606,0,0,0,244,161,20
20140607,0,0,0,278,156,13
20140608,0,0,0,300,189,13
20140609,406,0,0,228,172,19
20140610,0,0,0,250,183,15
20140611,5,0,0,211,161,32
20140612,18,0,0,228,156,25
20140613,325,0,0,261,183,16
20140614,0,0,0,233,156,21
20140615,0,0,0,267,150,19
20140616,0,0,0,272,172,13
20140617,0,0,0,317,217,18
20140618,0,0,0,317,244,26
20140619,38,0,0,250,200,17
20140620,0,0,0,261,178,20
20140621,0,0,0,256,167,22
20140622,0,0,0,261,178,9
20140623,0,0,0,272,183,12
20140624,0,0,0,272,200,22
20140625,20,0,0,294,211,22
20140626,18,0,0,294,211,21
20140627,0,0,0,283,194,13
20140628,0,0,0,306,189,13
20140629,0,0,0,283,200,12
20140630,0,0,0,289,206,12
20140701,0,0,0,317,222,23
20140702,244,0,0,328,222,17
20140703,452,0,0,306,206,13
20140704,36,0,0,233,183,24
20140705,0,0,0,272,172,30
20140706,0,0,0,289,189,22
20140707,10,0,0,322,222,26
20140708,99,0,0,328,217,21
20140709,23,0,0,311,217,19
20140710,0,0,0,283,222,13
20140711,0,0,0,300,217,18
20140712,0,0,0,294,217,15
20140713,8,0,0,283,222,23
20140714,117,0,0,289,222,20
20140715,330,0,0,300,222,12
20140716,0,0,0,272,200,17
20140717,0,0,0,272,194,18
20140718,0,0,0,272,178,18
20140719,0,0,0,244,200,23
20140720,0,0,0,267,189,18
20140721,0,0,0,294,194,9
20140722,0,0,0,300,217,17
20140723,48,0,0,311,222,22
20140724,0,0,0,267,211,22
20140725,0,0,0,278,189,19
20140726,0,0,0,272,206,19
20140727,5,0,0,294,217,15
20140728,48,0,0,278,200,33
20140729,0,0,0,244,178,22
20140730,0,0,0,267,172,13
20140731,0,0,0,278,200,15
20140801,0,0,0,289,217,17
20140802,104,0,0,233,172,27
20140803,18,0,0,244,189,10
20140804,0,0,0,289,211,15
20140805,0,0,0,322,217,11
20140806,0,0,0,283,211,13
20140807,0,0,0,283,189,19
20140808,0,0,0,283,183,14
20140809,0,0,0,306,189,13
20140810,0,0,0,311,200,13
20140811,0,0,0,306,217,14
20140812,48,0,0,261,211,26
20140813,135,0,0,278,200,25
20140814,0,0,0,250,172,21
20140815,0,0,0,228,161,24
20140816,0,0,0,256,172,18
20140817,3,0,0,278,189,16
20140818,0,0,0,272,172,20
20140819,0,0,0,283,172,17
20140820,0,0,0,289,211,10
20140821,89,0,0,283,183,16
20140822,15,0,0,261,183,21
20140823,3,0,0,250,194,21
20140824,0,0,0,267,178,14
20140825,0,0,0,311,178,12
20140826,0,0,0,317,211,10
20140827,0,0,0,322,211,15
20140828,0,0,0,278,189,24
20140829,0,0,0,267,161,15
20140830,0,0,0,267,183,10
20140831,157,0,0,322,228,15
20140901,0,0,0,311,239,13
20140902,0,0,0,333,250,24
20140903,0,0,0,300,222,15
20140904,0,0,0,306,206,12
20140905,0,0,0,306,222,13
20140906,28,0,0,328,194,21
20140907,0,0,0,272,183,21
20140908,0,0,0,239,183,34
20140909,0,0,0,228,172,35
20140910,0,0,0,267,172,26
20140911,0,0,0,283,206,21
20140912,0,0,0,256,167,23
20140913,66,0,0,206,144,23
20140914,0,0,0,217,117,14
20140915,0,0,0,217,128,13
20140916,94,0,0,211,144,10
20140917,0,0,0,228,128,12
20140918,0,0,0,244,139,12
20140919,0,0,0,189,122,34
20140920,0,0,0,239,139,13
20140921,38,0,0,239,194,7
20140922,0,0,0,217,128,30
20140923,0,0,0,217,111,8
20140924,0,0,0,217,144,25
20140925,81,0,0,178,139,37
20140926,0,0,0,250,144,19
20140927,0,0,0,283,156,11
20140928,0,0,0,289,178,8
20140929,0,0,0,261,194,3
20140930,0,0,0,217,167,21
20141001,5,0,0,183,161,27
20141002,0,0,0,211,161,21
20141003,0,0,0,217,133,19
20141004,300,0,0,206,111,30
20141005,0,0,0,161,78,25
20141006,0,0,0,206,100,17
20141007,15,0,0,217,172,21
20141008,10,0,0,228,167,32
20141009,0,0,0,200,128,25
20141010,0,0,0,178,111,10
20141011,84,0,0,156,100,20
20141012,0,0,0,172,89,12
20141013,13,0,0,183,111,12
20141014,0,0,0,244,172,21
20141015,175,0,0,250,206,23
20141016,282,0,0,217,161,18
20141017,0,0,0,217,150,20
20141018,0,0,0,211,133,28
20141019,0,0,0,133,67,34
20141020,0,0,0,156,56,17
20141021,28,0,0,194,128,16
20141022,384,0,0,144,100,42
20141023,155,0,0,117,100,34
20141024,0,0,0,172,106,20
20141025,3,0,0,194,100,26
20141026,0,0,0,172,117,35
20141027,0,0,0,172,89,23
20141028,0,0,0,222,117,13
20141029,0,0,0,222,106,22
20141030,0,0,0,150,83,16
20141031,13,0,0,128,72,29
20141101,89,0,0,83,56,40
20141102,0,0,0,89,50,48
20141103,0,0,0,161,39,26
20141104,0,0,0,200,117,21
20141105,0,0,0,178,133,20
20141106,94,0,0,139,89,14
20141107,0,0,0,117,44,33
20141108,0,0,0,89,22,27
20141109,0,0,0,139,78,12
20141110,0,0,0,161,67,11
20141111,0,0,0,178,94,15
20141112,0,0,0,183,83,12
20141113,51,0,0,89,22,16
20141114,15,0,0,56,17,32
20141115,0,0,0,56,6,16
20141116,8,0,0,72,17,17
20141117,391,0,0,111,44,17
20141118,0,0,0,72,-43,45
20141119,0,0,0,22,-55,32
20141120,0,0,0,72,-5,32
20141121,0,0,0,28,-21,34
20141122,0,0,0,67,-21,22
20141123,0,0,0,139,61,17
20141124,178,0,0,206,117,24
20141125,0,0,0,200,106,23
20141126,315,0,5,106,11,39
20141127,5,0,0,33,11,23
20141128,0,0,0,28,-16,26
20141129,0,0,0,72,-27,16
20141130,0,0,0,128,72,19
20141201,23,0,0,183,56,30
20141202,20,0,0,61,17,41
20141203,15,0,0,78,50,34
20141204,0,0,0,72,28,26
20141205,130,0,0,67,11,27
20141206,310,0,0,100,39,18
20141207,10,0,0,56,-10,53
20141208,0,0,0,28,-43,51
20141209,645,0,0,56,22,46
20141210,20,0,25,44,0,37
20141211,3,30,0,33,-5,34
20141212,0,0,0,33,0,36
20141213,0,0,0,67,11,40
20141214,0,0,0,78,33,27
20141215,0,0,0,89,28,12
20141216,51,0,0,94,33,17
20141217,5,0,0,122,56,26
20141218,0,0,0,56,28,39
20141219,0,0,0,33,-5,32
20141220,0,0,0,6,-10,22
20141221,0,0,0,22,-5,22
20141222,10,0,0,67,17,27
20141223,41,0,0,78,61,37
20141224,203,0,0,144,67,26
20141225,23,0,0,167,67,43
20141226,0,0,0,100,44,26
20141227,0,0,0,128,67,20
20141228,25,0,0,122,61,26
20141229,0,0,0,67,11,23
20141230,0,0,0,11,-21,19
20141231,0,0,0,0,-27,25
20150101,0,0,0,39,-27,32
20150102,0,0,0,56,17,32
20150103,180,0,0,56,6,29
20150104,76,0,0,133,50,29
20150105,0,0,0,94,-60,47
20150106,13,0,25,-55,-71,18
20150107,0,30,0,-49,-127,57
20150108,0,0,0,-60,-132,39
20150109,18,0,38,6,-71,39
20150110,0,30,0,-49,-88,36
20150111,0,30,0,28,-77,27
20150112,91,0,0,39,17,17
20150113,0,0,0,22,-82,38
20150114,0,0,0,0,-88,28
20150115,0,0,0,17,-38,21
20150116,0,0,0,61,-66,44
20150117,0,0,0,0,-82,27
20150118,533,0,0,56,-5,17
20150119,0,0,0,56,22,34
20150120,0,0,0,44,0,26
20150121,0,0,0,22,-38,19
20150122,0,0,0,44,-5,25
20150123,0,0,0,39,-21,25
20150124,183,80,91,39,6,27
20150125,0,50,0,56,-5,28
20150126,122,50,140,-5,-55,57
20150127,91,200,109,-10,-66,37
20150128,0,200,0,11,-88,34
20150129,5,150,0,22,-71,17
20150130,15,180,25,33,-71,47
20150131,0,180,0,-32,-105,55
20150201,8,150,8,22,-66,17
20150202,259,180,127,11,-99,44
20150203,0,200,0,-32,-105,32
20150204,0,200,0,61,-43,19
20150205,0,200,0,56,-99,38
20150206,0,200,0,-27,-110,32
20150207,5,200,0,44,-38,17
20150208,0,200,0,28,-16,38
20150209,23,200,0,-16,-38,49
20150210,3,200,3,44,-32,47
20150211,0,200,0,11,-55,29
20150212,0,200,0,44,-88,33
20150213,0,200,0,-60,-132,41
20150214,5,200,23,0,-88,24
20150215,0,230,0,-38,-155,65
20150216,0,230,0,-60,-160,31
20150217,36,300,84,-27,-99,21
20150218,0,230,0,6,-71,19
20150219,0,230,0,-27,-132,51
20150220,0,230,0,-71,-166,46
20150221,155,230,76,0,-105,20
20150222,25,330,25,61,0,13
20150223,0,300,0,33,-132,50
20150224,0,300,0,-43,-155,26
20150225,0,300,0,28,-66,29
20150226,0,280,0,0,-60,32
20150227,0,280,0,-10,-77,27
20150228,0,280,0,-16,-105,16
20150301,132,250,122,-5,-43,10
20150302,0,380,0,39,-27,36
20150303,170,360,46,28,-55,22
20150304,64,330,0,72,17,27
20150305,193,330,191,44,-71,26
20150306,0,480,0,-27,-110,28
20150307,0,460,0,33,-77,23
20150308,0,410,0,94,28,23
20150309,3,330,0,122,44,21
20150310,117,280,0,117,39,16
20150311,3,150,0,150,67,31
20150312,0,100,0,83,22,37
20150313,0,50,0,61,-5,29
20150314,206,30,0,106,44,25
20150315,0,0,0,67,22,51
20150316,0,0,0,111,17,17
20150317,5,0,0,139,11,43
20150318,0,0,0,39,-16,43
20150319,0,0,0,61,-16,26
20150320,102,0,114,33,-16,35
20150321,0,130,0,83,-16,24
20150322,0,0,0,61,-21,34
20150323,0,0,0,33,-49,30
20150324,0,0,0,72,-32,18
20150325,13,0,0,94,11,20
20150326,81,0,0,167,56,13
20150327,69,0,0,78,39,19
20150328,0,0,0,44,-32,34
20150329,0,0,0,78,-38,28
20150330,0,0,0,122,22,35
20150331,43,0,0,83,17,24
20150401,0,0,0,106,0,23
20150402,0,0,0,194,50,28
20150403,10,0,0,178,150,30
20150404,3,0,0,156,56,45
20150405,0,0,0,161,56,22
20150406,0,0,0,172,56,19
20150407,38,0,0,167,56,31
20150408,0,0,0,72,28,51
20150409,0,0,0,61,28,40
20150410,43,0,0,133,39,21
20150411,0,0,0,139,67,39
20150412,0,0,0,189,61,15
20150413,0,0,0,200,100,21
20150414,3,0,0,183,128,17
20150415,0,0,0,222,106,28
20150416,0,0,0,178,111,29
20150417,20,0,0,217,128,23
20150418,0,0,0,267,150,19
20150419,0,0,0,178,89,38
20150420,348,0,0,139,78,33
20150421,51,0,0,183,111,27
20150422,13,0,0,206,89,29
20150423,0,0,0,111,50,41
20150424,0,0,0,111,39,38
20150425,0,0,0,167,33,25
20150426,0,0,0,178,78,23
20150427,0,0,0,167,94,26
20150428,0,0,0,217,100,35
20150429,0,0,0,256,100,25
20150430,0,0,0,194,89,36
20150501,0,0,0,172,94,23
20150502,0,0,0,233,89,13
20150503,0,0,0,267,106,11
20150504,0,0,0,294,139,24
20150505,0,0,0,294,189,18
20150506,0,0,0,228,150,22
20150507,0,0,0,267,133,10
20150508,0,0,0,278,133,13
20150509,0,0,0,211,139,19
20150510,0,0,0,283,161,16
20150511,0,0,0,289,211,17
20150512,0,0,0,300,178,24
20150513,0,0,0,211,117,33
20150514,0,0,0,228,100,17
20150515,0,0,0,239,128,15
20150516,76,0,0,239,139,9
20150517,5,0,0,283,178,9
20150518,0,0,0,239,156,21
20150519,0,0,0,267,150,11
20150520,0,0,0,194,122,31
20150521,0,0,0,167,111,12
20150522,0,0,0,233,128,27
20150523,0,0,0,211,94,20
20150524,0,0,0,272,133,17
20150525,0,0,0,294,178,22
20150526,0,0,0,311,194,23
20150527,20,0,0,294,211,23
20150528,0,0,0,294,211,18
20150529,0,0,0,294,183,18
20150530,0,0,0,294,194,25
20150531,371,0,0,306,139,25
20150601,183,0,0,144,106,46
20150602,94,0,0,128,100,28
20150603,0,0,0,211,111,21
20150604,0,0,0,183,122,23
20150605,33,0,0,211,128,13
20150606,48,0,0,244,156,21
20150607,0,0,0,233,128,17
20150608,15,0,0,261,172,27
20150609,3,0,0,283,200,22
20150610,0,0,0,278,183,14
20150611,0,0,0,317,222,20
20150612,0,0,0,311,228,20
20150613,0,0,0,300,222,24
20150614,91,0,0,311,189,12
20150615,145,0,0,283,178,21
20150616,69,0,0,261,183,10
20150617,0,0,0,278,189,17
20150618,0,0,0,217,178,16
20150619,0,0,0,306,200,17
20150620,0,0,0,239,178,24
20150621,163,0,0,311,217,20
20150622,0,0,0,306,211,22
20150623,5,0,0,322,239,26
20150624,0,0,0,289,200,21
20150625,0,0,0,283,183,14
20150626,0,0,0,272,206,20
20150627,284,0,0,217,144,33
20150628,74,0,0,228,167,24
20150629,0,0,0,244,172,22
20150630,10,0,0,278,200,22
20150701,99,0,0,278,206,19
20150702,0,0,0,267,206,5
20150703,0,0,0,278,189,13
20150704,0,0,0,239,206,15
20150705,0,0,0,283,200,7
20150706,0,0,0,283,222,13
20150707,30,0,0,311,239,22
20150708,0,0,0,311,250,14
20150709,76,0,0,261,200,21
20150710,0,0,0,289,222,21
20150711,0,0,0,311,206,11
20150712,0,0,0,317,222,9
20150713,0,0,0,311,228,12
20150714,107,0,0,278,228,12
20150715,30,0,0,272,222,20
20150716,0,0,0,267,178,25
20150717,0,0,0,272,194,17
20150718,81,0,0,294,217,20
20150719,0,0,0,339,256,14
20150720,0,0,0,344,278,20
20150721,0,0,0,317,233,11
20150722,0,0,0,294,206,26
20150723,0,0,0,300,200,17
20150724,0,0,0,306,211,9
20150725,0,0,0,311,206,14
20150726,0,0,0,322,233,20
20150727,91,0,0,300,217,13
20150728,0,0,0,350,239,12
20150729,0,0,0,356,256,17
20150730,495,0,0,306,244,19
20150731,0,0,0,317,222,15
20150801,0,0,0,317,239,20
20150802,0,0,0,317,217,9
20150803,0,0,0,322,239,22
20150804,109,0,0,317,206,24
20150805,0,0,0,306,222,13
20150806,0,0,0,283,194,11
20150807,0,0,0,289,206,24
20150808,0,0,0,278,200,17
20150809,0,0,0,294,200,17
20150810,0,0,0,289,211,20
20150811,297,0,0,272,217,19
20150812,0,0,0,294,217,21
20150813,0,0,0,283,194,14
20150814,0,0,0,311,194,13
20150815,0,0,0,333,228,15
20150816,0,0,0,339,244,7
20150817,0,0,0,350,256,15
20150818,74,0,0,322,228,18
20150819,0,0,0,306,250,18
20150820,3,0,0,300,250,25
20150821,81,0,0,306,217,19
20150822,0,0,0,300,206,20
20150823,0,0,0,294,211,18
20150824,0,0,0,306,228,11
20150825,0,0,0,322,228,17
20150826,0,0,0,294,194,17
20150827,0,0,0,278,194,14
20150828,0,0,0,278,172,11
20150829,0,0,0,306,194,9
20150830,33,0,0,322,222,18
20150831,0,0,0,328,244,20
20150901,0,0,0,322,244,10
20150902,0,0,0,328,233,8
20150903,0,0,0,339,233,9
20150904,0,0,0,294,222,31
20150905,0,0,0,283,194,18
20150906,0,0,0,306,183,6
20150907,0,0,0,333,211,19
20150908,0,0,0,361,244,22
20150909,0,0,0,322,244,17
20150910,401,0,0,261,211,28
20150911,0,0,0,272,189,23
20150912,74,0,0,261,206,19
20150913,10,0,0,267,167,28
20150914,0,0,0,250,150,29
20150915,0,0,0,289,167,10
20150916,0,0,0,311,189,6
20150917,0,0,0,317,200,10
20150918,0,0,0,306,200,9
20150919,0,0,0,283,200,12
20150920,0,0,0,261,178,35
20150921,0,0,0,228,150,34
20150922,0,0,0,217,167,31
20150923,0,0,0,267,150,13
20150924,0,0,0,278,156,19
20150925,0,0,0,244,172,28
20150926,0,0,0,222,161,27
20150927,0,0,0,217,133,22
20150928,0,0,0,256,183,15
20150929,28,0,0,283,222,12
20150930,320,0,0,261,150,37
20151001,23,0,0,178,133,39
20151002,274,0,0,139,89,56
20151003,89,0,0,128,94,51
20151004,0,0,0,172,117,48
20151005,0,0,0,194,111,28
20151006,0,0,0,228,111,7
20151007,0,0,0,228,144,13
20151008,0,0,0,222,150,15
20151009,226,0,0,256,161,18
20151010,0,0,0,183,100,11
20151011,0,0,0,206,117,17
20151012,0,0,0,250,133,17
20151013,3,0,0,222,161,16
20151014,0,0,0,206,139,17
20151015,0,0,0,178,106,18
20151016,0,0,0,178,117,24
20151017,0,0,0,133,56,26
20151018,0,0,0,100,33,22
20151019,0,0,0,117,17,17
20151020,0,0,0,211,89,27
20151021,0,0,0,244,139,10
20151022,0,0,0,239,144,21
20151023,0,0,0,183,72,30
20151024,0,0,0,139,44,18
20151025,13,0,0,200,89,22
20151026,0,0,0,144,78,17
20151027,0,0,0,150,72,20
20151028,356,0,0,206,117,30
20151029,10,0,0,228,139,29
20151030,0,0,0,161,89,26
20151031,0,0,0,133,56,13
20151101,0,0,0,183,122,22
20151102,0,0,0,172,122,9
20151103,0,0,0,222,89,11
20151104,0,0,0,211,133,11
20151105,3,0,0,217,133,9
20151106,0,0,0,233,189,21
20151107,0,0,0,222,117,20
20151108,0,0,0,133,78,16
20151109,0,0,0,150,61,9
20151110,66,0,0,139,106,44
20151111,109,0,0,144,94,22
20151112,3,0,0,161,106,25
20151113,0,0,0,144,78,48
20151114,0,0,0,94,56,35
20151115,0,0,0,144,39,21
20151116,0,0,0,194,106,18
20151117,0,0,0,111,44,28
20151118,0,0,0,144,78,23
20151119,318,0,0,178,139,25
20151120,0,0,0,178,78,26
20151121,0,0,0,117,56,29
20151122,8,0,0,128,56,28
20151123,0,0,0,67,6,26
20151124,0,0,0,78,0,17
20151125,0,0,0,100,22,12
20151126,0,0,0,156,50,13
20151127,0,0,0,178,106,17
20151128,5,0,0,178,72,-9999
20151129,0,0,0,94,33,-9999
20151130,0,0,0,83,6,25
20151201,84,0,0,106,67,30
20151202,36,0,0,139,78,13
20151203,0,0,0,128,67,38
20151204,0,0,0,106,56,19
20151205,0,0,0,106,44,10
20151206,0,0,0,117,39,15
20151207,0,0,0,122,56,17
20151208,0,0,0,94,50,20
20151209,0,0,0,128,44,19
20151210,0,0,0,156,106,19
20151211,0,0,0,161,100,21
20151212,0,0,0,189,128,9
20151213,0,0,0,194,128,15
20151214,84,0,0,194,117,21
20151215,23,0,0,200,117,47
20151216,10,0,0,117,78,24
20151217,307,0,0,150,100,22
20151218,0,0,0,139,33,30
20151219,0,0,0,44,17,42
20151220,0,0,0,61,11,27
20151221,0,0,0,133,39,32
20151222,48,0,0,167,117,22
20151223,394,0,0,178,111,16
20151224,3,0,0,222,172,20
20151225,3,0,0,189,139,4
20151226,0,0,0,150,83,36
20151227,30,0,0,161,78,26
20151228,8,0,0,78,11,37
20151229,114,0,0,78,11,31
20151230,48,0,0,89,33,18
20151231,8,0,0,89,56,24