EST,Max TemperatureF,Mean TemperatureF,Min TemperatureF,Max Dew PointF,MeanDew PointF,Min DewpointF,Max Humidity, Mean Humidity, Min Humidity, Max Sea Level PressureIn, Mean Sea Level PressureIn, Min Sea Level PressureIn, Max VisibilityMiles, Mean VisibilityMiles, Min VisibilityMiles, Max Wind SpeedMPH, Mean Wind SpeedMPH, Max Gust SpeedMPH,PrecipitationIn, CloudCover, Events, WindDirDegrees<br />
1/1/15,40,34,28,22,12,5,50,40,29,30.21,30.1,30.01,10,10,10,26,17,32,0,1,,246<br />
1/2/15,45,40,35,23,18,15,59,45,31,30.47,30.24,30.04,10,10,10,24,14,30,0,4,,271<br />
1/3/15,47,39,30,44,30,19,93,71,48,30.61,30.45,30.09,10,7,1,18,9,23,0.94,7,Rain,69<br />
1/4/15,55,49,43,52,46,37,96,87,77,30.04,29.83,29.68,10,6,0,28,10,36,0.47,8,Fog-Rain,227<br />
1/5/15,51,37,23,28,12,-3,59,42,24,30.43,30.13,29.82,10,10,10,33,20,48,0,3,,290<br />
1/6/15,23,21,19,16,9,-3,77,56,34,30.44,30.26,30.04,10,6,0,23,9,28,0.07,7,Snow,281<br />
1/7/15,25,18,10,13,2,-13,68,50,31,30.29,30.05,29.94,10,10,10,40,21,47,0,4,,290<br />
1/8/15,22,15,8,4,-3,-12,53,46,38,30.46,30.37,30.26,10,10,10,33,17,39,0,3,,274<br />
1/9/15,34,28,21,21,11,1,88,62,35,30.23,30.1,30.01,10,9,0,33,20,40,0.07,6,Snow,252<br />
1/10/15,24,21,18,2,0,-2,47,41,34,30.61,30.46,30.26,10,10,10,25,17,32,0,1,,275<br />
1/11/15,38,29,20,21,10,0,56,46,36,30.71,30.62,30.51,10,10,10,21,11,24,0,6,,233<br />
1/12/15,40,37,34,36,30,20,92,72,52,30.51,30.27,30.12,10,6,1,16,6,20,0.7,8,Rain,251<br />
1/13/15,37,28,19,31,13,3,76,57,38,30.64,30.51,30.25,10,10,10,24,15,29,0,5,,360<br />
1/14/15,33,26,19,21,17,8,73,65,56,30.58,30.38,30.19,10,10,10,16,12,20,0,7,,22<br />
1/15/15,35,31,27,21,17,14,69,55,40,30.18,30.08,29.94,10,10,10,18,10,22,0,4,,300<br />
1/16/15,45,33,20,20,13,-1,63,46,28,30.23,29.95,29.82,10,10,10,36,18,45,0,3,,284<br />
1/17/15,32,25,18,21,6,-1,63,48,32,30.42,30.35,30.25,10,10,10,21,11,26,0,2,,266<br />
1/18/15,47,37,27,45,36,23,93,81,69,30.24,29.91,29.7,10,6,1,21,6,23,1.62,7,Fog-Rain,304<br />
1/19/15,45,40,35,32,26,18,92,65,38,29.9,29.82,29.74,10,10,10,31,15,37,T,6,,276<br />
1/20/15,41,37,32,26,19,5,59,43,27,30.06,29.94,29.88,10,10,10,20,12,28,T,6,,295<br />
1/21/15,38,32,26,20,10,5,50,38,25,30.2,30.15,30.07,10,10,9,14,6,20,T,6,Snow,21<br />
1/22/15,41,36,31,24,20,14,61,52,43,30.34,30.23,30.16,10,10,10,20,8,28,0,5,,346<br />
1/23/15,39,34,28,27,18,11,64,52,40,30.37,30.23,30.01,10,10,9,17,11,21,T,3,Snow,260<br />
1/24/15,40,37,33,34,30,24,89,72,54,29.98,29.56,29.26,10,5,0,23,11,66,0.75,8,Fog-Rain-Snow,345<br />
1/25/15,45,39,32,29,18,8,75,50,25,30.01,29.77,29.52,10,10,10,26,15,33,0,6,,301<br />
1/26/15,32,28,24,23,18,6,84,62,39,30.04,29.9,29.67,10,4,0,31,18,39,0.33,8,Snow,31<br />
1/27/15,27,24,20,21,16,8,81,69,57,29.86,29.69,29.63,10,5,0,29,19,36,0.06,8,Snow,344<br />
1/28/15,33,25,17,10,6,0,62,49,36,30.28,30.07,29.87,10,10,10,24,14,29,0,2,,332<br />
1/29/15,37,27,17,29,14,1,75,57,39,30.35,30.22,30.02,10,10,6,20,8,28,0.01,5,Snow,212<br />
1/30/15,38,29,19,31,21,4,89,67,44,30.01,29.91,29.83,10,8,2,38,19,49,0.04,6,Snow,284<br />
1/31/15,27,21,14,6,0,-5,51,42,32,30.23,30.12,30.01,10,10,10,38,23,47,0,1,,310<br />
2/1/15,36,29,21,30,18,6,82,67,52,30.25,30.16,30.01,10,8,2,17,9,20,0.03,7,Snow,237<br />
2/2/15,35,25,15,32,23,4,89,74,59,29.99,29.6,29.39,10,5,0,31,19,39,1.18,7,Fog-Rain-Snow,1<br />
2/3/15,26,20,14,12,7,3,59,53,46,30.34,30.23,29.99,10,10,10,32,14,40,0,3,,279<br />
2/4/15,39,31,22,31,25,12,76,67,58,30.34,30.17,29.94,10,10,10,24,14,28,0,7,,204<br />
2/5/15,39,27,15,31,14,-6,82,58,33,30.23,30.01,29.85,10,9,2,33,20,41,T,6,Snow,318<br />
2/6/15,27,20,13,8,2,-2,55,46,37,30.3,30.21,30.12,10,10,10,24,14,30,0,4,,280<br />
2/7/15,37,31,25,27,19,10,70,58,46,30.19,30.11,29.99,10,10,7,14,8,17,T,7,Snow,231<br />
2/8/15,42,36,29,36,30,24,85,75,64,29.99,29.93,29.86,10,9,5,20,9,24,0,8,,57<br />
2/9/15,29,28,26,23,21,19,85,80,75,30.03,29.99,29.94,10,10,8,24,17,30,0.14,8,Rain,31<br />
2/10/15,40,33,26,26,21,18,75,66,56,30.08,30.04,30,10,10,10,23,16,28,T,7,Snow,12<br />
2/11/15,35,29,23,18,14,10,63,51,38,30.1,30.03,29.94,10,10,10,22,10,28,0,3,,35<br />
2/12/15,40,29,18,29,20,-3,78,58,38,29.93,29.81,29.72,10,9,3,36,13,44,T,6,Snow,257<br />
2/13/15,23,16,9,-5,-6,-8,46,37,28,30.18,30.11,29.96,10,10,10,38,19,47,0,1,,306<br />
2/14/15,35,26,16,23,14,-4,81,59,37,30.14,29.77,29.45,10,8,2,28,10,32,0.01,7,Snow,235<br />
2/15/15,27,16,5,18,-1,-14,81,56,31,30.12,29.78,29.45,10,9,2,38,28,49,T,5,Snow,311<br />
2/16/15,23,14,5,-5,-11,-14,49,36,22,30.22,30.15,30.09,10,10,10,33,15,44,0,5,,301<br />
2/17/15,27,22,16,13,10,-2,80,56,31,30.06,29.94,29.87,10,7,1,16,7,20,0.19,7,Snow,29<br />
2/18/15,31,23,15,19,14,9,92,68,43,29.96,29.84,29.74,10,10,9,17,6,23,T,5,Snow,167<br />
2/19/15,27,18,9,12,-1,-11,60,44,28,30.02,29.83,29.73,10,10,10,31,21,39,0,4,,292<br />
2/20/15,21,12,3,-3,-9,-16,44,38,31,30.52,30.27,30.04,10,10,10,31,19,40,0,0,,286<br />
2/21/15,33,22,11,29,17,-2,92,67,42,30.55,30.38,30.18,10,6,0,25,10,31,0.58,7,Rain-Snow,211<br />
2/22/15,43,38,32,33,30,27,96,78,60,30.2,30.17,30.14,10,6,2,13,4,23,0.2,7,Rain-Snow,246<br />
2/23/15,38,24,9,27,4,-11,70,51,31,30.42,30.29,30.19,10,10,10,31,19,38,0,6,,316<br />
2/24/15,28,18,7,18,3,-10,68,57,45,30.41,30.19,29.87,10,10,10,21,9,24,0,4,,232<br />
2/25/15,37,28,19,19,14,11,77,55,32,30.01,29.88,29.78,10,10,10,23,11,29,0,4,,265<br />
2/26/15,32,28,23,15,10,5,63,51,39,30.16,30.03,29.92,10,10,9,23,13,28,T,8,Snow,15<br />
2/27/15,32,26,20,8,4,-1,55,43,31,30.63,30.4,30.18,10,10,10,18,10,25,0,3,,336<br />
2/28/15,31,23,15,10,2,-4,53,40,27,30.83,30.76,30.65,10,10,10,20,8,23,0,1,,293<br />
3/1/15,33,27,20,25,17,3,88,62,35,30.74,30.49,30.16,10,6,0,18,5,23,0.51,7,Fog-Rain-Snow,222<br />
3/2/15,39,34,28,28,19,9,85,59,32,30.38,30.16,30.03,10,9,5,30,15,39,T,5,Snow,289<br />
3/3/15,36,28,19,32,19,7,89,64,39,30.48,30.25,29.84,10,6,1,17,9,21,0.7,7,Rain-Snow,172<br />
3/4/15,41,37,33,38,34,30,92,89,85,29.94,29.86,29.75,10,6,3,18,11,23,0.3,8,Rain,239<br />
3/5/15,41,31,21,37,22,5,92,71,50,30.38,30.13,29.91,10,4,0,24,13,29,0.73,8,Fog-Rain-Snow,331<br />
3/6/15,25,19,13,10,4,0,59,47,35,30.57,30.47,30.37,10,10,10,24,10,29,0,2,,293<br />
3/7/15,37,27,16,22,14,6,62,54,45,30.36,30.21,30.08,10,10,10,23,12,26,0,4,,244<br />
3/8/15,48,39,30,29,25,22,75,56,37,30.17,30.09,30.04,10,10,9,28,10,35,T,4,Snow,254<br />
3/9/15,54,43,32,34,28,24,76,54,32,30.27,30.18,30.13,10,10,10,17,9,22,0.02,4,Rain,247<br />
3/10/15,50,42,34,41,36,26,96,78,60,30.33,30.2,30.01,10,7,1,12,3,15,0.49,7,Rain,127<br />
3/11/15,62,51,40,43,38,17,93,60,26,30.11,29.98,29.91,10,7,0,24,12,31,0.04,6,Fog-Rain,264<br />
3/12/15,50,43,36,22,5,-6,43,27,11,30.61,30.38,30.11,10,10,10,41,20,48,0,1,,327<br />
3/13/15,41,36,30,31,13,-3,70,44,17,30.68,30.57,30.39,10,10,10,16,8,20,0,5,,107<br />
3/14/15,49,44,39,46,41,30,93,82,70,30.37,29.99,29.71,10,5,0,22,9,28,1.11,8,Fog-Rain,205<br />
3/15/15,46,42,37,41,29,22,89,65,41,29.99,29.81,29.71,10,10,10,38,20,51,0,7,,297<br />
3/16/15,50,43,36,35,27,22,79,57,34,30.05,29.95,29.82,10,10,10,24,9,29,0,6,,256<br />
3/17/15,60,47,34,44,29,6,82,55,27,29.94,29.7,29.56,10,10,7,43,18,53,0.02,6,Rain,281<br />
3/18/15,41,36,30,11,8,6,43,34,25,30.2,30.06,29.95,10,10,9,36,19,44,T,4,Snow,323<br />
3/19/15,44,37,30,10,3,-2,39,27,15,30.36,30.3,30.21,10,10,10,25,12,30,0,5,,321<br />
3/20/15,40,36,31,29,20,2,92,59,25,30.37,30.26,30.13,10,6,0,17,10,21,0.33,8,Fog-Snow,66<br />
3/21/15,48,39,30,36,30,26,85,73,60,30.12,30.01,29.91,10,8,3,20,9,24,0.02,6,Snow,292<br />
3/22/15,45,37,28,30,12,2,58,40,22,30.18,30.05,29.94,10,10,10,26,17,35,0,3,,321<br />
3/23/15,41,33,24,6,3,-2,46,32,17,30.27,30.23,30.18,10,10,10,24,15,32,0,2,,322<br />
3/24/15,43,35,26,26,11,3,70,49,27,30.41,30.34,30.27,10,10,10,16,8,20,0,4,,285<br />
3/25/15,46,38,30,39,27,16,82,57,31,30.44,30.35,30.17,10,10,6,17,6,22,0.12,6,Rain,161<br />
3/26/15,54,48,41,50,44,39,100,93,86,30.14,29.84,29.62,10,3,0,28,9,37,0.25,8,Fog-Rain,180<br />
3/27/15,47,44,41,42,34,27,83,66,49,29.8,29.75,29.68,10,10,10,18,11,23,0.23,8,Rain,346<br />
3/28/15,42,35,28,26,22,17,64,54,44,30.12,29.87,29.75,10,10,8,24,17,30,T,7,Snow,341<br />
3/29/15,46,37,27,28,10,-3,70,43,16,30.29,30.2,30.13,10,10,8,21,14,26,T,3,Snow,297<br />
3/30/15,58,47,36,32,25,18,70,49,28,30.13,29.91,29.78,10,10,8,28,15,32,T,7,Rain-Snow,243<br />
3/31/15,48,43,37,36,29,21,85,61,37,29.91,29.83,29.77,10,10,9,20,12,25,0.03,7,Rain,331<br />
4/1/15,53,44,34,32,18,10,82,52,21,30.23,30.05,29.83,10,10,10,21,12,29,0,3,,327<br />
4/2/15,57,45,33,40,30,10,71,49,27,30.28,30.15,29.95,10,10,10,33,14,43,T,4,,198<br />
4/3/15,59,53,46,53,45,40,93,82,71,29.92,29.81,29.64,10,4,0,16,8,18,0.11,8,Fog-Rain,185<br />
4/4/15,56,50,44,52,28,12,93,56,19,30.17,29.8,29.47,10,8,0,38,21,47,T,4,Rain,294<br />
4/5/15,65,52,38,35,27,17,65,44,23,30.28,30.18,30.09,10,10,10,32,13,40,0,4,,237<br />
4/6/15,60,50,39,42,37,32,85,63,41,30.33,30.25,30.14,10,10,10,26,10,32,0,4,,133<br />
4/7/15,57,51,44,49,42,39,86,75,64,30.34,30.23,30.14,10,10,7,21,8,24,0.03,8,Rain,57<br />
4/8/15,49,43,36,39,32,18,85,57,29,30.38,30.31,30.24,10,9,5,24,15,30,0.01,8,Rain,61<br />
4/9/15,44,41,38,38,35,34,85,78,70,30.35,30.29,30.23,10,8,3,20,12,25,T,8,Rain,59<br />
4/10/15,58,49,40,51,43,37,92,85,77,30.25,29.93,29.78,10,4,0,22,8,25,0.19,8,Fog-Rain,156<br />
4/11/15,61,53,45,46,31,23,67,47,27,30.22,29.99,29.83,10,10,10,26,17,36,0,3,,301<br />
4/12/15,61,52,43,39,30,22,83,53,23,30.35,30.31,30.23,10,10,10,18,9,23,0,1,,224<br />
4/13/15,62,53,43,46,40,35,83,65,47,30.4,30.29,30.19,10,10,10,29,14,38,0,5,,185<br />
4/14/15,66,58,50,49,43,30,89,59,28,30.19,30.14,30.1,10,10,8,16,6,22,0.04,7,Rain,179<br />
4/15/15,72,61,50,38,20,12,59,35,11,30.36,30.2,30.11,10,10,10,26,12,35,0,6,,350<br />
4/16/15,60,54,48,44,25,15,80,49,18,30.51,30.41,30.28,10,10,10,20,11,24,0,6,,103<br />
4/17/15,69,61,52,56,50,44,93,78,63,30.26,30.05,29.92,10,10,8,21,10,25,0.11,7,Fog-Rain,198<br />
4/18/15,73,62,51,48,43,24,77,48,19,30.05,29.96,29.88,10,10,10,26,9,32,0,3,,223<br />
4/19/15,62,55,47,40,33,18,76,49,21,30.28,30.21,30.08,10,10,10,22,12,25,0,6,,98<br />
4/20/15,58,53,47,55,50,40,96,86,76,30.15,29.77,29.62,10,3,0,37,16,48,0.87,8,Fog-Rain,113<br />
4/21/15,67,59,50,55,43,24,100,61,22,29.79,29.65,29.56,10,7,0,24,12,30,0.06,5,Rain-Thunderstorm,246<br />
4/22/15,63,55,46,48,42,33,77,60,43,29.82,29.71,29.59,10,10,4,36,14,47,0.19,4,Rain-Thunderstorm,213<br />
4/23/15,54,48,42,32,25,16,57,44,31,29.85,29.76,29.68,10,10,10,29,19,37,T,4,,285<br />
4/24/15,52,46,39,19,18,17,44,35,26,29.93,29.87,29.83,10,10,10,30,22,39,0,4,,320<br />
4/25/15,59,49,39,38,26,19,71,48,25,29.94,29.83,29.7,10,10,10,20,11,26,0,3,,279<br />
4/26/15,59,51,43,36,31,26,70,50,30,29.72,29.69,29.67,10,10,10,17,10,22,0,5,,64<br />
4/27/15,63,56,49,35,30,28,47,37,27,29.72,29.68,29.64,10,10,10,24,15,30,0,6,,323<br />
4/28/15,71,61,51,43,36,29,66,43,20,29.81,29.75,29.71,10,10,10,24,14,31,0,3,,340<br />
4/29/15,77,64,50,44,40,34,77,51,25,29.76,29.7,29.64,10,10,10,18,12,24,0,2,,304<br />
4/30/15,63,56,48,43,39,35,80,60,39,29.93,29.81,29.73,10,10,10,23,13,28,0,5,,77<br />
5/1/15,56,52,47,41,39,37,76,66,55,30.01,29.97,29.94,10,10,10,17,8,20,0,6,,107<br />
5/2/15,61,52,43,44,40,38,86,69,51,30.06,30.01,29.98,10,10,10,10,7,13,0,3,,170<br />
5/3/15,67,57,46,48,44,39,83,66,48,30.17,30.1,30.05,10,10,10,18,8,22,0,3,,193<br />
5/4/15,74,62,50,51,48,46,93,66,38,30.23,30.19,30.14,10,10,8,28,10,33,0,1,,183<br />
5/5/15,82,69,55,53,51,47,80,60,39,30.23,30.19,30.16,10,10,10,13,5,16,T,5,,185<br />
5/6/15,70,62,54,54,44,37,72,52,32,30.3,30.25,30.19,10,10,10,17,8,22,T,6,Rain,49<br />
5/7/15,72,62,51,52,47,41,93,65,37,30.25,30.2,30.16,10,8,1,13,6,15,0,3,,183<br />
5/8/15,72,63,53,57,54,51,100,75,49,30.22,30.17,30.15,10,4,0,13,6,16,0,5,Fog,167<br />
5/9/15,64,61,58,61,57,55,97,91,84,30.33,30.27,30.23,5,1,0,14,6,16,0.02,8,Fog-Rain,97<br />
5/10/15,74,66,58,63,60,56,100,84,68,30.25,30.21,30.13,10,6,0,22,10,26,T,5,Fog,178<br />
5/11/15,77,70,62,65,62,59,93,79,64,30.16,30.1,29.97,10,5,0,26,9,33,0,6,Fog,169<br />
5/12/15,87,76,65,65,60,43,93,61,28,29.94,29.86,29.76,10,6,0,30,13,38,0.01,6,Fog-Rain,241<br />
5/13/15,73,64,55,43,38,34,47,39,31,30.28,30.07,29.91,10,10,10,29,17,40,0,5,,320<br />
5/14/15,71,61,51,44,35,24,62,41,20,30.41,30.35,30.29,10,10,10,17,12,22,0,2,,299<br />
5/15/15,71,62,53,48,44,36,66,53,40,30.34,30.29,30.22,10,10,10,22,12,66,T,7,,208<br />
5/16/15,70,64,58,63,56,46,90,75,60,30.23,30.17,30.11,10,9,3,10,5,13,0.41,8,Rain-Thunderstorm,151<br />
5/17/15,81,71,61,66,63,59,93,78,62,30.16,30.13,30.09,10,5,0,13,7,15,T,6,Fog-Rain,201<br />
5/18/15,68,63,57,63,55,51,90,81,72,30.22,30.15,30.09,10,7,0,21,10,23,0,7,,89<br />
5/19/15,75,66,57,64,58,54,93,79,64,30.09,29.92,29.76,10,5,0,23,6,30,T,6,Rain,151<br />
5/20/15,69,62,54,55,39,32,68,50,31,30.01,29.91,29.83,10,10,10,26,16,35,0,4,,319<br />
5/21/15,62,57,52,46,38,33,77,57,36,30.03,29.98,29.9,10,10,10,16,6,21,T,7,,204<br />
5/22/15,79,67,54,47,39,30,77,50,23,30.15,29.95,29.86,10,10,10,26,14,35,T,5,Rain,290<br />
5/23/15,68,60,51,50,31,19,83,51,18,30.43,30.35,30.17,10,10,10,28,15,37,0,1,,271<br />
5/24/15,74,64,53,53,49,45,78,60,41,30.38,30.32,30.25,10,10,10,23,14,29,0,4,,207<br />
5/25/15,77,67,57,58,55,51,86,68,50,30.29,30.24,30.18,10,10,10,31,13,39,0,4,,187<br />
5/26/15,76,68,60,60,57,51,84,71,58,30.25,30.2,30.15,10,10,10,26,13,35,0,4,,190<br />
5/27/15,74,68,61,61,59,56,90,77,64,30.21,30.17,30.09,10,10,7,36,14,44,T,5,,184<br />
5/28/15,78,69,60,63,59,55,90,72,53,30.24,30.17,30.13,10,8,2,21,8,26,0,7,,173<br />
5/29/15,80,72,63,60,55,53,87,65,42,30.3,30.27,30.25,10,10,10,14,7,18,0,3,,97<br />
5/30/15,78,70,62,64,62,60,93,77,60,30.24,30.18,30.07,10,9,0,30,14,37,0,4,Fog,178<br />
5/31/15,79,71,63,65,62,59,90,74,58,30.11,30.07,30.01,10,10,6,24,10,30,0.02,6,Rain-Thunderstorm,158<br />
6/1/15,63,58,52,59,55,49,90,85,80,30.16,30.12,30.09,10,6,1,20,12,24,0.78,8,Rain-Thunderstorm,59<br />
6/2/15,56,54,51,52,49,48,89,86,83,30.19,30.14,30.09,10,8,2,17,10,21,0.34,8,Rain,34<br />
6/3/15,68,61,53,52,49,48,89,71,52,30.26,30.22,30.18,10,10,10,15,9,18,T,7,Rain,76<br />
6/4/15,67,61,55,50,48,45,77,65,52,30.29,30.26,30.22,10,10,10,23,12,28,0,6,,84<br />
6/5/15,69,63,57,55,52,46,86,75,63,30.21,30.07,29.94,10,10,9,13,5,21,T,7,Rain,97<br />
6/6/15,79,69,59,63,56,32,93,56,19,30.09,29.94,29.86,10,9,2,22,9,28,0.2,6,Rain,329<br />
6/7/15,71,64,56,54,49,45,86,65,44,30.22,30.16,30.11,10,10,10,20,9,25,0,4,,153<br />
6/8/15,73,67,61,62,58,53,78,72,66,30.13,29.95,29.81,10,10,9,31,18,39,0.02,7,Rain,182<br />
6/9/15,85,75,64,66,61,52,93,64,34,29.81,29.72,29.66,10,9,5,24,14,30,T,6,Rain,206<br />
6/10/15,79,72,65,60,58,55,73,59,45,29.92,29.87,29.8,10,10,10,23,11,26,0,2,,217<br />
6/11/15,87,77,66,67,64,60,81,66,51,29.94,29.89,29.86,10,10,9,17,10,22,T,5,Rain,200<br />
6/12/15,85,78,71,71,65,55,84,62,40,29.99,29.92,29.83,10,10,7,26,10,31,0,6,,148<br />
6/13/15,88,78,67,70,61,53,81,56,31,30.04,29.93,29.79,10,10,10,26,11,32,0,6,Rain,326<br />
6/14/15,86,76,66,64,62,58,87,64,40,30.09,30.05,30.02,10,10,6,18,8,23,0.31,6,Rain,182<br />
6/15/15,81,74,66,72,66,61,93,84,74,30.05,29.97,29.91,10,8,0,15,8,17,1.09,8,Rain-Thunderstorm,108<br />
6/16/15,79,73,66,70,64,60,87,74,60,29.97,29.9,29.82,10,8,4,17,7,23,0.08,7,Rain,151<br />
6/17/15,81,74,66,61,58,56,78,62,45,30.15,30.13,30.07,10,10,10,17,10,23,0,6,,119<br />
6/18/15,71,68,65,61,59,55,81,74,66,30.13,30.06,29.96,10,10,8,15,8,16,T,8,Rain,155<br />
6/19/15,89,78,67,68,64,60,87,63,38,30,29.92,29.88,10,10,10,16,7,24,T,7,Rain,289<br />
6/20/15,75,71,67,68,62,54,90,72,53,30.09,30.04,29.93,10,9,5,18,11,23,0.32,8,Rain,83<br />
6/21/15,90,81,71,72,68,64,93,70,46,29.85,29.75,29.69,10,7,0,37,13,45,0.51,7,Rain,232<br />
6/22/15,89,82,74,67,62,56,74,55,35,29.99,29.94,29.83,10,10,10,20,12,26,0,3,,273<br />
6/23/15,89,81,72,73,70,66,79,71,63,29.96,29.86,29.75,10,10,7,23,11,30,0.02,6,Rain-Thunderstorm,215<br />
6/24/15,86,78,69,67,54,49,67,51,34,30.04,29.98,29.88,10,10,10,20,11,32,0,4,,330<br />
6/25/15,82,75,67,65,53,42,79,53,26,30.09,30.03,29.99,10,10,10,25,9,29,T,6,Rain,225<br />
6/26/15,81,75,69,64,61,58,73,61,49,30.09,29.99,29.92,10,10,10,17,7,21,T,6,Rain,115<br />
6/27/15,71,67,62,61,58,55,90,76,61,30.13,30.05,29.85,10,9,4,25,12,24,1.02,8,Rain,78<br />
6/28/15,76,70,64,64,62,58,93,75,57,29.81,29.7,29.65,10,8,2,20,10,29,0.3,7,Rain,348<br />
6/29/15,79,72,64,60,56,54,73,59,45,29.96,29.88,29.76,10,10,10,22,13,26,0,3,,248<br />
6/30/15,81,74,66,68,63,56,81,63,45,29.99,29.94,29.85,10,10,10,22,10,27,0,5,Rain,169<br />
7/1/15,85,78,71,70,65,56,87,64,40,29.87,29.8,29.76,10,9,4,30,14,43,0.26,6,Rain-Thunderstorm,230<br />
7/2/15,80,75,69,64,59,54,84,62,39,29.92,29.89,29.87,10,10,10,14,5,16,0.03,6,Rain,259<br />
7/3/15,82,74,65,64,56,46,84,57,30,30,29.96,29.9,10,10,10,17,8,24,0,4,,38<br />
7/4/15,80,74,67,63,56,41,78,52,25,30.02,29.97,29.94,10,10,9,12,6,,0.01,7,Rain,78<br />
7/5/15,81,74,67,67,63,59,84,71,58,30.16,30.11,30.04,10,10,10,18,10,47,0,6,,214<br />
7/6/15,83,76,69,69,66,63,90,72,54,30.19,30.15,30.1,10,10,8,14,8,,0,6,,159<br />
7/7/15,84,79,74,74,72,69,94,80,65,30.1,30.03,29.95,10,7,0,24,12,29,T,6,Rain,173<br />
7/8/15,89,82,74,74,71,69,87,71,55,29.97,29.95,29.93,10,9,2,14,7,,0.53,6,Rain,204<br />
7/9/15,77,75,72,72,66,61,93,79,64,30.01,29.93,29.82,10,9,5,15,9,24,0.32,7,Rain-Thunderstorm,87<br />
7/10/15,86,80,73,72,63,54,93,64,34,30.01,29.92,29.8,10,10,8,23,11,30,0,5,,321<br />
7/11/15,86,78,70,68,60,53,84,59,34,30.1,30.06,30.02,10,10,10,14,7,31,0,3,,241<br />
7/12/15,86,79,71,65,63,59,79,60,40,30.06,30.02,29.96,10,10,10,24,8,70,0,4,,206<br />
7/13/15,84,78,72,66,64,59,79,63,46,29.96,29.9,29.82,10,10,10,15,7,20,0,6,,167<br />
7/14/15,80,77,73,74,70,65,87,77,67,29.8,29.66,29.57,10,9,2,17,6,21,0.13,7,Rain,137<br />
7/15/15,82,78,73,73,68,53,94,70,46,29.86,29.66,29.56,10,7,1,25,9,30,0.04,7,Rain-Thunderstorm,4<br />
7/16/15,79,73,66,60,51,45,73,54,35,30.09,30.02,29.89,10,10,10,25,10,31,0,3,,66<br />
7/17/15,80,74,67,63,60,58,81,66,50,30.13,30.09,30.04,10,10,10,21,12,25,0,5,,202<br />
7/18/15,83,78,73,72,69,63,87,78,68,30.04,29.96,29.88,10,10,8,18,12,23,0.02,7,Rain-Thunderstorm,189<br />
7/19/15,89,82,75,74,73,71,94,79,63,29.89,29.83,29.75,10,10,7,22,10,29,0,5,,204<br />
7/20/15,95,87,79,75,70,65,85,62,39,29.75,29.71,29.67,10,10,8,18,10,22,0,5,,232<br />
7/21/15,89,83,76,72,67,60,79,61,43,29.68,29.64,29.59,10,10,10,23,10,30,T,6,,243<br />
7/22/15,89,81,72,60,49,45,56,40,23,29.88,29.77,29.66,10,10,10,23,13,30,0,2,,317<br />
7/23/15,88,79,70,61,50,43,60,41,21,29.94,29.91,29.88,10,10,10,21,10,25,0,3,,299<br />
7/24/15,87,78,68,62,52,46,68,46,24,29.96,29.94,29.91,10,10,10,13,7,16,0,3,,185<br />
7/25/15,84,77,70,68,60,53,79,58,37,30.02,29.99,29.94,10,10,10,15,9,,0,3,,153<br />
7/26/15,87,79,71,68,64,61,79,63,46,30.02,29.99,29.96,10,10,10,26,13,33,T,6,Rain,187<br />
7/27/15,85,80,75,70,67,65,82,69,55,30.05,30.02,29.99,10,10,10,16,9,21,T,6,,188<br />
7/28/15,89,81,73,72,70,67,93,72,50,30.03,29.99,29.95,10,10,9,17,9,21,0,4,,202<br />
7/29/15,95,85,74,73,69,62,87,61,34,29.99,29.96,29.92,10,10,5,22,10,28,0,4,,212<br />
7/30/15,85,81,76,75,73,71,94,87,79,29.94,29.88,29.8,10,9,2,25,12,32,0.97,6,Rain-Thunderstorm,205<br />
7/31/15,93,83,73,73,60,48,88,57,26,29.88,29.84,29.8,10,10,7,17,8,24,0,2,,278<br />
8/1/15,91,83,74,66,60,53,73,52,31,29.86,29.81,29.77,10,10,10,23,13,44,0,3,,248<br />
8/2/15,87,79,70,69,60,54,82,57,32,29.95,29.9,29.87,10,10,10,18,8,22,0,3,,190<br />
8/3/15,89,80,71,72,67,61,87,69,50,29.89,29.84,29.8,10,10,10,28,13,33,0,3,,200<br />
8/4/15,92,81,70,72,62,49,87,56,24,29.91,29.87,29.83,10,10,10,30,12,37,0.01,5,Rain-Thunderstorm,244<br />
8/5/15,91,81,71,61,55,49,66,46,26,29.96,29.9,29.85,10,10,10,26,10,31,0,4,,306<br />
8/6/15,86,78,69,62,53,49,68,49,29,30,29.95,29.91,10,10,10,16,7,25,0,5,,255<br />
8/7/15,86,78,69,63,57,51,73,54,34,29.94,29.91,29.89,10,10,10,20,8,23,0,5,,80<br />
8/8/15,83,75,67,62,57,50,81,57,33,30,29.97,29.93,10,10,10,15,7,18,0,5,,67<br />
8/9/15,87,77,66,63,58,51,76,53,30,30.06,30.01,29.98,10,10,10,17,9,24,0,3,,62<br />
8/10/15,81,75,68,64,62,58,84,65,45,30.08,30.04,29.98,10,10,10,18,8,21,0,5,,146<br />
8/11/15,81,77,72,72,68,63,90,77,64,29.96,29.82,29.74,10,8,2,32,13,44,1.13,7,Rain,197<br />
8/12/15,88,81,73,64,59,54,69,50,31,29.95,29.85,29.78,10,10,10,16,11,23,T,3,,305<br />
8/13/15,87,78,69,62,56,47,66,47,27,30.12,30.03,29.95,10,10,10,18,8,25,0,2,,288<br />
8/14/15,86,76,66,65,59,52,78,55,32,30.19,30.14,30.12,10,10,10,21,8,24,0,2,,205<br />
8/15/15,88,79,70,69,65,61,82,63,43,30.14,30.11,30.07,10,10,10,22,10,25,0,2,,210<br />
8/16/15,90,82,74,72,67,64,74,59,44,30.14,30.1,30.06,10,10,10,18,7,25,T,4,Rain-Thunderstorm,211<br />
8/17/15,91,83,74,71,69,67,84,68,51,30.11,30.07,30.02,10,10,10,20,9,24,0,2,,207<br />
8/18/15,86,81,75,72,69,63,82,70,57,30.06,30.04,29.99,10,10,10,25,12,30,0,4,,189<br />
8/19/15,86,81,76,74,73,72,88,75,61,30.07,30.05,30.03,10,10,10,20,11,28,0,4,,153<br />
8/20/15,87,82,77,74,73,72,88,75,61,30.05,30.01,29.98,10,10,10,23,13,30,T,5,,136<br />
8/21/15,87,80,73,74,68,57,87,62,36,30.06,30,29.94,10,9,2,18,8,23,2.48,6,Rain-Thunderstorm,354<br />
8/22/15,86,78,70,59,53,51,61,48,34,30.12,30.08,30.05,10,10,10,18,9,23,0,5,,5<br />
8/23/15,83,76,69,70,65,56,84,71,57,30.04,30,29.94,10,10,10,14,5,17,0,5,,89<br />
8/24/15,84,78,71,70,67,59,90,68,46,29.94,29.91,29.86,10,10,10,16,8,18,0,4,,202<br />
8/25/15,85,80,75,73,68,49,85,61,36,29.91,29.86,29.83,10,10,10,20,11,24,0.01,4,,206<br />
8/26/15,84,76,68,57,53,49,61,48,34,30.02,29.96,29.91,10,10,10,20,10,23,0,2,,299<br />
8/27/15,83,76,68,55,53,49,63,49,34,30.13,30.06,30.01,10,10,10,17,9,22,0,4,,322<br />
8/28/15,82,73,64,62,55,50,73,54,35,30.21,30.16,30.13,10,10,10,17,7,20,0,3,,308<br />
8/29/15,84,76,68,65,60,56,78,59,40,30.23,30.17,30.12,10,10,10,18,9,22,0,5,,215<br />
8/30/15,84,77,69,70,66,61,79,67,55,30.13,30.08,30.01,10,10,10,17,10,22,T,5,Rain,211<br />
8/31/15,91,83,75,71,68,67,79,63,47,30.05,30.01,29.95,10,10,10,18,12,23,0,6,,229<br />
9/1/15,87,80,73,71,66,62,87,66,45,30.07,30.04,30.01,10,10,10,14,7,18,0,2,,152<br />
9/2/15,86,79,71,73,69,63,94,71,48,30.06,29.99,29.9,10,9,6,18,9,32,0,3,,191<br />
9/3/15,93,83,73,72,68,64,87,64,41,29.9,29.87,29.84,10,10,7,13,5,16,T,3,,250<br />
9/4/15,85,78,70,70,67,62,82,70,58,30.22,30.07,29.91,10,10,8,18,11,23,0,4,,87<br />
9/5/15,81,72,63,61,59,53,81,60,39,30.29,30.25,30.22,10,10,10,13,7,,0,3,,76<br />
9/6/15,80,71,62,66,59,56,84,65,45,30.24,30.21,30.16,10,10,10,13,7,16,0,3,,148<br />
9/7/15,86,78,70,70,67,63,90,71,51,30.15,30.09,30.02,10,10,10,21,12,26,0,1,,211<br />
9/8/15,91,82,73,70,69,67,87,67,47,30.05,30.01,29.95,10,10,10,23,13,28,0,1,,207<br />
9/9/15,87,81,75,74,72,69,87,74,61,29.99,29.92,29.83,10,10,10,23,11,33,0.07,4,Rain-Thunderstorm,198<br />
9/10/15,79,75,71,74,71,68,93,85,76,29.87,29.81,29.72,10,8,2,22,8,135,1.18,7,Rain-Thunderstorm,30<br />
9/11/15,82,74,66,68,63,58,93,69,45,29.83,29.76,29.7,10,10,6,18,10,24,0.03,6,Rain,11<br />
9/12/15,80,74,68,70,66,64,90,76,62,29.84,29.76,29.67,10,9,2,25,12,30,0.27,6,Rain,143<br />
9/13/15,79,71,62,68,60,50,90,70,50,29.87,29.74,29.65,10,10,10,23,12,28,0.04,6,Rain,249<br />
9/14/15,78,69,60,49,47,44,64,49,33,30.21,30.04,29.89,10,10,9,22,14,31,0,1,,284<br />
9/15/15,80,71,62,64,53,47,79,57,35,30.33,30.29,30.21,10,10,10,16,8,18,0,1,,238<br />
9/16/15,84,73,62,65,59,54,84,59,34,30.34,30.29,30.24,10,10,7,13,4,15,0,4,,216<br />
9/17/15,84,74,64,66,61,58,84,64,43,30.23,30.15,30.08,10,10,10,15,6,17,0,3,,201<br />
9/18/15,83,74,65,65,61,57,84,64,43,30.08,30.04,29.99,10,10,10,13,7,25,0,1,,196<br />
9/19/15,80,74,68,70,66,63,90,76,62,30.02,29.96,29.89,10,7,0,20,8,23,0,5,,198<br />
9/20/15,80,72,64,69,55,43,90,59,28,30.11,29.98,29.88,10,10,10,22,14,26,0,3,,341<br />
9/21/15,72,66,59,51,46,42,64,50,35,30.24,30.2,30.11,10,10,10,20,11,24,0,6,,51<br />
9/22/15,73,68,63,58,53,43,73,59,44,30.29,30.26,30.24,10,10,10,17,10,21,0,7,,60<br />
9/23/15,80,69,58,55,51,41,84,56,28,30.28,30.24,30.21,10,10,10,15,6,28,0,4,,40<br />
9/24/15,83,71,59,59,54,47,78,53,28,30.35,30.29,30.23,10,10,10,15,8,24,0,3,,43<br />
9/25/15,75,69,63,57,54,51,78,62,46,30.4,30.36,30.33,10,10,10,16,9,21,0,7,,70<br />
9/26/15,73,66,59,55,51,47,73,59,44,30.49,30.43,30.37,10,10,10,21,10,28,0,7,,64<br />
9/27/15,72,64,56,58,53,47,84,69,53,30.48,30.41,30.33,10,10,10,14,7,17,0,6,,49<br />
9/28/15,79,70,61,67,63,57,93,80,67,30.32,30.23,30.14,10,8,0,17,6,41,0.04,6,Rain,52<br />
9/29/15,80,75,69,72,70,66,97,86,74,30.13,30.03,29.88,10,8,2,17,7,22,0.13,7,Rain,126<br />
9/30/15,78,69,60,74,65,51,93,80,67,29.96,29.78,29.69,10,8,1,28,16,35,0.82,7,Rain,88<br />
10/1/15,61,59,56,54,50,47,80,72,64,30.16,30.08,29.97,10,10,10,24,15,30,0.08,8,Rain,25<br />
10/2/15,57,54,50,50,47,45,86,82,77,30.24,30.19,30.14,10,7,3,30,19,39,1.81,8,Rain,30<br />
10/3/15,57,54,51,48,47,45,89,78,66,30.35,30.3,30.22,10,9,3,28,19,39,0.16,8,Rain,49<br />
10/4/15,66,60,54,47,44,40,72,56,40,30.35,30.3,30.25,10,10,10,26,16,31,0,6,,50<br />
10/5/15,67,60,53,49,46,44,77,65,52,30.24,30.17,30.11,10,10,10,20,12,25,0,6,,22<br />
10/6/15,74,63,51,56,47,40,83,57,31,30.1,30.02,29.96,10,10,10,14,6,17,0,3,,340<br />
10/7/15,71,64,57,55,51,49,80,64,47,30.06,30,29.96,10,10,10,13,7,16,0,4,,328<br />
10/8/15,70,63,55,57,52,47,84,64,44,30.16,30.12,30.06,10,10,10,14,6,17,0,4,,109<br />
10/9/15,74,68,61,64,61,55,93,81,68,30.1,29.93,29.76,10,10,7,23,13,36,0.28,6,Rain-Thunderstorm,216<br />
10/10/15,66,59,52,50,40,33,66,49,31,30.14,30.08,29.91,10,10,10,26,9,31,0,3,,5<br />
10/11/15,68,59,50,55,48,43,84,63,42,30.07,29.97,29.88,10,10,10,15,10,18,0,2,,226<br />
10/12/15,72,63,53,58,52,49,86,68,49,29.89,29.83,29.73,10,10,10,17,8,21,0,0,,208<br />
10/13/15,74,67,60,63,58,56,90,72,53,29.72,29.61,29.53,10,10,10,20,9,23,T,6,Rain,212<br />
10/14/15,70,64,58,52,46,41,67,55,42,29.88,29.76,29.66,10,10,10,18,12,24,0,6,,276<br />
10/15/15,65,59,52,44,40,37,63,50,37,30.03,29.98,29.89,10,10,10,20,11,24,0,1,,277<br />
10/16/15,66,60,54,50,40,33,72,51,29,30.05,29.98,29.92,10,10,10,21,12,28,0,2,,277<br />
10/17/15,58,51,43,40,28,17,66,46,26,30.23,30.11,30.04,10,10,10,24,14,30,0,3,,298<br />
10/18/15,53,46,38,26,21,14,59,41,22,30.4,30.29,30.22,10,10,10,24,13,31,0,3,,325<br />
10/19/15,52,44,36,33,25,21,64,48,32,30.51,30.42,30.3,10,10,10,24,11,30,0,2,,266<br />
10/20/15,70,60,49,45,39,34,66,49,32,30.29,30.24,30.17,10,10,10,24,16,28,0,4,,231<br />
10/21/15,71,62,52,55,49,42,84,62,40,30.33,30.28,30.24,10,10,10,12,6,15,0,4,,207<br />
10/22/15,70,62,53,56,51,48,83,68,53,30.25,30.16,30.07,10,10,10,16,9,23,0,5,,216<br />
10/23/15,66,55,44,51,34,24,58,42,25,30.37,30.22,30.09,10,10,10,24,15,30,0,1,,354<br />
10/24/15,59,51,42,47,38,31,76,62,47,30.41,30.34,30.22,10,10,10,15,9,21,0,5,,81<br />
10/25/15,70,60,49,55,48,34,84,64,44,30.27,30.12,30.05,10,10,6,25,15,39,0.02,6,Rain,268<br />
10/26/15,60,53,45,39,34,29,71,52,32,30.51,30.42,30.28,10,10,10,17,7,22,0,4,,358<br />
10/27/15,59,51,42,42,39,34,83,65,47,30.58,30.53,30.48,10,10,10,12,8,45,0,6,,62<br />
10/28/15,68,60,52,65,57,43,97,84,71,30.47,30.07,29.69,10,6,2,32,20,40,1.79,8,Rain,111<br />
10/29/15,74,67,59,65,51,32,93,62,30,29.76,29.64,29.57,10,9,2,31,16,39,0.06,6,Rain,233<br />
10/30/15,63,55,47,36,31,28,46,39,31,30.12,29.94,29.78,10,10,10,22,14,28,0,1,,307<br />
10/31/15,55,48,40,43,34,30,68,55,41,30.25,30.17,30.08,10,10,10,14,7,17,0,4,,220<br />
11/1/15,64,59,54,54,49,40,86,71,55,30.07,29.96,29.87,10,10,10,21,12,28,0,7,,224<br />
11/2/15,65,58,51,49,46,40,86,65,43,30.14,30.08,30.01,10,10,10,13,5,16,0,6,,252<br />
11/3/15,70,58,45,54,48,43,89,64,39,30.26,30.19,30.13,10,10,9,13,4,15,0,0,,227<br />
11/4/15,69,60,50,54,49,45,93,69,44,30.39,30.34,30.27,10,10,6,17,6,21,0,0,,76<br />
11/5/15,69,61,53,64,58,52,100,88,76,30.33,30.26,30.14,10,6,0,9,4,23,0.01,7,Fog-Rain,186<br />
11/6/15,75,69,62,64,62,57,93,81,68,30.14,30,29.86,10,6,0,21,9,25,T,7,Fog,201<br />
11/7/15,70,63,55,57,45,31,78,57,36,30.15,30.02,29.94,10,10,10,23,11,31,0,7,,309<br />
11/8/15,60,52,43,36,31,28,60,46,31,30.44,30.35,30.18,10,10,10,24,10,30,0,2,,314<br />
11/9/15,59,49,39,43,37,27,85,58,30,30.49,30.42,30.31,10,10,10,9,3,13,0,5,,171<br />
11/10/15,59,56,53,56,52,43,93,77,61,30.29,30.03,29.73,10,8,4,22,12,28,0.45,8,Rain,52<br />
11/11/15,59,55,50,49,47,44,89,78,66,29.98,29.86,29.73,10,8,4,24,13,29,0.09,8,Rain,360<br />
11/12/15,60,56,52,56,51,40,89,82,75,29.97,29.79,29.55,10,10,7,26,11,36,0.05,7,Rain,155<br />
11/13/15,61,55,48,40,31,20,55,42,28,29.84,29.7,29.58,10,10,10,33,20,41,0,2,,275<br />
11/14/15,51,47,42,29,24,21,49,40,30,30.28,30.07,29.86,10,10,10,29,18,38,0,2,,299<br />
11/15/15,59,50,40,39,31,25,64,49,33,30.33,30.25,30.19,10,10,10,18,13,22,0,2,,250<br />
11/16/15,69,57,45,40,37,27,71,50,29,30.34,30.22,30.17,10,10,10,17,9,21,0,0,,268<br />
11/17/15,53,47,40,34,30,26,70,53,35,30.58,30.52,30.36,10,10,10,17,8,22,0,3,,63<br />
11/18/15,60,52,43,52,43,34,80,68,55,30.56,30.47,30.34,10,10,10,17,11,24,0,7,,103<br />
11/19/15,63,61,58,61,57,52,93,86,78,30.34,30.12,29.96,10,7,1,30,19,39,0.58,8,Rain,144<br />
11/20/15,63,54,45,59,34,17,97,61,24,30.25,30.1,29.95,10,9,1,24,13,31,T,3,,312<br />
11/21/15,55,49,42,44,31,22,66,48,30,30.3,30.19,29.96,10,10,10,21,10,25,0,5,,77<br />
11/22/15,58,51,44,52,34,20,86,60,34,29.96,29.91,29.88,10,10,10,26,13,32,0,6,,326<br />
11/23/15,46,41,35,23,16,5,48,35,21,30.25,30.06,29.9,10,10,10,25,15,31,0,1,,319<br />
11/24/15,48,40,31,26,21,16,64,49,34,30.55,30.38,30.27,10,10,10,15,7,20,0,3,,284<br />
11/25/15,51,42,32,31,27,23,70,52,33,30.82,30.73,30.56,10,10,10,9,4,14,0,1,,46<br />
11/26/15,60,48,35,53,42,29,93,78,62,30.84,30.76,30.65,10,10,8,12,6,15,0,5,,121<br />
11/27/15,63,53,43,52,49,43,93,80,67,30.64,30.45,30.25,10,9,6,12,5,16,0,5,Fog,204<br />
11/28/15,65,56,46,52,47,37,86,73,60,30.23,30.18,30.12,10,10,10,16,8,20,0.02,7,Rain,300<br />
11/29/15,50,44,38,36,26,20,71,52,32,30.4,30.26,30.21,10,10,10,17,11,22,T,5,Rain,357<br />
11/30/15,50,42,34,36,30,22,75,63,50,30.46,30.4,30.32,10,10,10,16,9,22,0,5,,43<br />
12/1/15,53,50,46,48,45,38,93,79,65,30.31,30.18,30.01,10,8,5,22,11,25,0.29,8,Rain,62<br />
12/2/15,57,52,47,55,50,45,93,87,80,30,29.82,29.65,10,2,0,17,5,23,0.12,8,Fog-Rain,65<br />
12/3/15,56,51,45,48,35,28,83,62,41,30.25,29.92,29.67,10,10,10,26,16,33,T,5,,285<br />
12/4/15,53,47,41,32,30,29,67,54,41,30.59,30.43,30.25,10,10,10,18,10,26,0,1,,307<br />
12/5/15,53,44,35,38,33,29,79,62,44,30.7,30.65,30.6,10,10,10,12,5,,0,0,,287<br />
12/6/15,51,45,38,41,36,34,85,70,54,30.62,30.45,30.27,10,10,9,13,6,15,0,1,,232<br />
12/7/15,55,48,40,38,34,29,82,60,38,30.26,30.14,30.06,10,9,6,15,8,18,0,6,,263<br />
12/8/15,51,46,40,35,32,30,70,61,52,30.15,30.11,30.06,10,10,10,18,8,22,0,6,,2<br />
12/9/15,55,45,34,49,39,30,89,75,61,30.2,30.11,30,10,10,10,20,8,26,0,6,,169<br />
12/10/15,59,54,48,50,47,45,89,76,62,30.02,29.98,29.95,10,10,7,17,7,21,0,5,,201<br />
12/11/15,58,52,46,52,47,43,100,84,67,30.03,29.96,29.91,10,6,0,13,6,16,0,6,Fog,203<br />
12/12/15,64,57,49,51,49,46,93,75,56,30.17,30.13,30.05,10,9,6,12,4,14,T,6,,212<br />
12/13/15,70,62,53,53,50,47,89,73,57,30.18,30.14,30.11,10,9,7,16,7,22,T,6,,131<br />
12/14/15,61,57,53,58,54,48,100,92,83,30.1,29.84,29.45,10,3,0,29,11,36,0.36,8,Fog-Rain,146<br />
12/15/15,64,59,53,59,44,36,97,68,39,29.89,29.59,29.39,10,9,0,30,18,40,0.09,5,Rain,280<br />
12/16/15,53,49,45,48,38,31,86,65,44,30.16,30.1,29.92,10,10,4,20,9,23,0.05,5,Rain,82<br />
12/17/15,59,55,50,56,53,47,93,87,80,30.09,29.87,29.67,10,7,2,21,9,28,1.17,8,Rain,127<br />
12/18/15,58,49,39,52,37,18,93,66,39,29.86,29.74,29.68,10,10,10,26,14,32,0.01,7,Rain,297<br />
12/19/15,41,39,36,23,17,15,50,44,37,30.3,30.09,29.86,10,10,10,30,20,39,0,5,,272<br />
12/20/15,44,40,35,25,19,16,54,43,31,30.53,30.47,30.31,10,10,10,25,12,32,0,4,,277<br />
12/21/15,55,47,38,48,37,24,83,64,45,30.44,30.26,30.12,10,10,10,23,12,29,0,8,,215<br />
12/22/15,60,56,52,56,53,48,93,88,83,30.12,30.02,29.91,10,7,0,17,9,22,0.19,8,Rain,207<br />
12/23/15,63,56,48,61,53,46,97,92,86,30.22,30.09,29.87,5,1,0,25,10,33,1.16,8,Fog-Rain,119<br />
12/24/15,69,63,57,64,58,55,100,91,81,30.14,30,29.85,10,6,0,24,11,30,0.02,7,Fog-Rain,195<br />
12/25/15,64,58,52,61,57,51,100,89,78,30.25,30.17,30.11,10,1,0,12,2,14,0.1,8,Fog-Rain,85<br />
12/26/15,60,55,49,52,38,30,90,66,41,30.5,30.4,30.26,10,10,3,21,11,26,0.01,8,Rain,54<br />
12/27/15,63,56,48,58,51,37,96,82,68,30.25,29.97,29.81,10,6,0,23,12,29,0.08,8,Fog-Rain,283<br />
12/28/15,48,42,35,35,25,19,70,57,43,30.55,30.41,30.11,10,10,6,23,14,37,0.05,7,Rain-Snow,39<br />
12/29/15,49,42,34,46,40,30,93,88,83,30.41,30.12,29.91,10,6,1,24,12,30,0.66,8,Rain-Snow,28<br />
12/30/15,51,46,41,48,41,37,93,85,76,30.35,30.23,30.07,10,9,2,22,7,26,0.37,8,Rain,65<br />
12/31/15,52,48,43,46,38,27,93,71,49,30.1,30.06,30.01,10,10,5,20,12,25,0.06,7,Rain,317<br />